ticker,entry_date,exit_date,entry_price,exit_price,gross_ret,net_ret,hold_days,exit_reason,rank_at_exit
M&M.NS,2025-12-31,2026-01-30,3686.29,3320.13,-9.93,-10.33,30.0,REBALANCE,13.0
ADANIPORTS.NS,2025-12-31,2026-01-30,1466.62,1342.34,-8.47,-8.87,30.0,REBALANCE,22.0
BAJFINANCE.NS,2026-03-02,2026-03-02,982.1624435784461,972.2732543945312,-1.0068791826211756,-1.4068791826211755,,REGIME_EXIT,
MARUTI.NS,2026-03-02,2026-03-02,16533.948686164564,14244.9375,-13.844310452469132,-14.244310452469133,,REGIME_EXIT,
HINDALCO.NS,2026-03-02,2026-03-02,883.4910546091778,935.1217041015625,5.843935739137064,5.443935739137064,,REGIME_EXIT,
TVSMOTOR.NS,2026-03-02,2026-03-02,3723.983621524885,3799.818603515625,2.036394079512282,1.6363940795122822,,REGIME_EXIT,
BHARTIARTL.NS,2026-03-02,2026-03-02,2088.5156239634994,1849.9183349609375,-11.424252050830326,-11.824252050830326,,REGIME_EXIT,
EICHERMOT.NS,2026-03-02,2026-03-02,7241.171361533858,7744.896484375,6.956403842574456,6.556403842574456,,REGIME_EXIT,
SBIN.NS,2026-03-02,2026-03-02,965.7915430941249,1168.831787109375,21.023195478060014,20.623195478060012,,REGIME_EXIT,
HEROMOTOCO.NS,2026-03-02,2026-03-02,5578.608120506291,5510.4453125,-1.2218604808560176,-1.6218604808560175,,REGIME_EXIT,
ASIANPAINT.NS,2026-01-30,2026-03-02,2354.4725989007534,2287.255859375,-2.8548533356104997,-3.2548533356104996,,REGIME_EXIT,
TATASTEEL.NS,2026-01-30,2026-03-02,181.6341982477284,206.74630737304688,13.825650327736422,13.425650327736422,,REGIME_EXIT,
ADANIENT.NS,2026-08-03,2026-09-01,3063.10009765625,2863.89990234375,-6.50322186548586,-6.90322186548586,,REGIME_EXIT,
MARICO.NS,2026-08-03,2026-09-01,880.9500122070312,838.0999755859375,-4.864071289782059,-5.264071289782059,,REGIME_EXIT,
ASIANPAINT.NS,2026-08-03,2026-09-01,2774.89990234375,2575.5,-7.185841268556456,-7.5858412685564565,,REGIME_EXIT,
HINDALCO.NS,2026-08-03,2026-09-01,995.0,1014.4000244140625,1.949751197393216,1.5497511973932159,,REGIME_EXIT,
EICHERMOT.NS,2026-08-03,2026-09-01,8024.0,7970.0,-0.6729810568295114,-1.0729810568295115,,REGIME_EXIT,
SBIN.NS,2026-08-03,2026-09-01,1047.5999755859375,1034.5,-1.25047498007152,-1.6504749800715202,,REGIME_EXIT,
NESTLEIND.NS,2026-08-03,2026-09-01,1523.0,1438.199951171875,-5.567961183724557,-5.967961183724557,,REGIME_EXIT,
ADANIPORTS.NS,2026-08-03,2026-09-01,1703.0999755859375,1647.5,-3.264633690503623,-3.664633690503623,,REGIME_EXIT,
APOLLOHOSP.NS,2026-08-03,2026-09-01,8789.76726519337,8755.0,-0.3955425000960482,-0.7955425000960482,,REGIME_EXIT,
BOSCHLTD.NS,2026-08-03,2026-09-01,41160.0,48550.0,17.95432458697765,17.55432458697765,,REGIME_EXIT,
