entry_date,exit_date,entry,exit,gross_ret,net_ret,hypothesis,ticker
2025-04-30,2025-05-21,1390.0,1416.96,1.94,1.54,H1_VolSurge,RELIANCE
2025-05-02,2025-05-22,1401.89,1397.33,-0.33,-0.73,H1_VolSurge,RELIANCE
2025-06-23,2025-07-11,1440.56,1482.4,2.9,2.5,H1_VolSurge,RELIANCE
2025-10-20,2025-11-11,1433.37,1486.53,3.71,3.31,H1_VolSurge,RELIANCE
2025-10-21,2025-11-12,1461.24,1504.54,2.96,2.56,H1_VolSurge,RELIANCE
2025-11-21,2025-12-11,1533.91,1537.89,0.26,-0.14,H1_VolSurge,RELIANCE
2024-12-06,2024-12-27,4147.2,3878.84,-6.47,-6.87,H1_VolSurge,TCS
2025-03-24,2025-04-16,863.36,911.4,5.56,5.16,H1_VolSurge,HDFCBANK
2025-03-28,2025-04-23,887.62,933.68,5.19,4.79,H1_VolSurge,HDFCBANK
2025-04-09,2025-05-05,856.56,939.94,9.73,9.33,H1_VolSurge,HDFCBANK
2025-04-23,2025-05-14,960.37,927.22,-3.45,-3.85,H1_VolSurge,HDFCBANK
2025-06-23,2025-07-11,945.57,973.29,2.93,2.53,H1_VolSurge,HDFCBANK
2025-06-27,2025-07-17,987.67,974.86,-1.3,-1.7,H1_VolSurge,HDFCBANK
2025-10-29,2025-11-19,988.55,978.42,-1.02,-1.42,H1_VolSurge,HDFCBANK
2025-03-24,2025-04-16,1704.13,1785.02,4.75,4.35,H1_VolSurge,BHARTIARTL
2025-06-23,2025-07-11,1890.21,1882.28,-0.42,-0.82,H1_VolSurge,BHARTIARTL
2025-09-22,2025-10-13,1929.71,1930.6,0.05,-0.35,H1_VolSurge,BHARTIARTL
2025-10-21,2025-11-12,2026.3,2048.03,1.07,0.67,H1_VolSurge,BHARTIARTL
2025-10-29,2025-11-19,2057.11,2132.96,3.69,3.29,H1_VolSurge,BHARTIARTL
2025-11-12,2025-12-02,2034.4,2077.85,2.14,1.74,H1_VolSurge,BHARTIARTL
2025-11-27,2025-12-17,2105.5,2081.8,-1.13,-1.53,H1_VolSurge,BHARTIARTL
2026-01-07,2026-01-28,2069.55,1933.37,-6.58,-6.98,H1_VolSurge,BHARTIARTL
2024-12-06,2024-12-27,1321.08,1286.69,-2.6,-3.0,H1_VolSurge,ICICIBANK
2025-03-24,2025-04-16,1334.32,1334.76,0.03,-0.37,H1_VolSurge,ICICIBANK
2025-05-30,2025-06-19,1436.61,1388.79,-3.33,-3.73,H1_VolSurge,ICICIBANK
2025-06-30,2025-07-18,1438.48,1403.05,-2.46,-2.86,H1_VolSurge,ICICIBANK
2026-01-08,2026-01-29,1417.05,1372.03,-3.18,-3.58,H1_VolSurge,ICICIBANK
2026-01-09,2026-01-30,1415.17,1343.67,-5.05,-5.45,H1_VolSurge,ICICIBANK
2024-12-06,2024-12-27,1837.48,1822.22,-0.83,-1.23,H1_VolSurge,INFY
2025-01-13,2025-01-31,1859.54,1787.1,-3.9,-4.3,H1_VolSurge,INFY
2025-12-23,2026-01-13,1643.44,1565.13,-4.76,-5.16,H1_VolSurge,INFY
2026-01-19,2026-02-09,1649.31,1465.49,-11.15,-11.55,H1_VolSurge,INFY
2026-01-28,2026-02-17,1644.42,1361.73,-17.19,-17.59,H1_VolSurge,INFY
2024-10-30,2024-11-21,797.33,751.83,-5.71,-6.11,H1_VolSurge,SBIN
2024-11-06,2024-11-28,817.74,807.78,-1.22,-1.62,H1_VolSurge,SBIN
2025-06-02,2025-06-20,798.46,782.05,-2.05,-2.45,H1_VolSurge,SBIN
2025-07-01,2025-07-21,805.48,809.61,0.51,0.11,H1_VolSurge,SBIN
2025-07-17,2025-08-06,823.56,790.89,-3.97,-4.37,H1_VolSurge,SBIN
2025-09-17,2025-10-08,819.53,843.05,2.87,2.47,H1_VolSurge,SBIN
2025-09-18,2025-10-09,843.45,846.84,0.4,0.0,H1_VolSurge,SBIN
2025-09-22,2025-10-13,846.74,867.32,2.43,2.03,H1_VolSurge,SBIN
2025-09-24,2025-10-15,860.49,870.41,1.15,0.75,H1_VolSurge,SBIN
2025-09-30,2025-10-21,854.55,891.78,4.36,3.96,H1_VolSurge,SBIN
2025-10-29,2025-11-19,917.36,965.35,5.23,4.83,H1_VolSurge,SBIN
2025-11-06,2025-11-26,952.48,966.48,1.47,1.07,H1_VolSurge,SBIN
2025-12-08,2025-12-29,953.66,947.96,-0.6,-1.0,H1_VolSurge,SBIN
2025-12-31,2026-01-20,957.98,1018.05,6.27,5.87,H1_VolSurge,SBIN
2026-01-14,2026-02-04,1011.76,1049.29,3.71,3.31,H1_VolSurge,SBIN
2026-01-19,2026-02-09,1016.67,1125.71,10.72,10.32,H1_VolSurge,SBIN
2026-01-23,2026-02-13,1033.28,1177.38,13.95,13.55,H1_VolSurge,SBIN
2026-01-28,2026-02-17,1040.64,1191.92,14.54,14.14,H1_VolSurge,SBIN
2025-07-14,2025-08-01,2455.52,2508.27,2.15,1.75,H1_VolSurge,HINDUNILVR
2025-08-01,2025-08-22,2504.63,2583.11,3.13,2.73,H1_VolSurge,HINDUNILVR
2025-08-19,2025-09-09,2526.44,2595.0,2.71,2.31,H1_VolSurge,HINDUNILVR
2025-08-21,2025-09-11,2619.65,2575.35,-1.69,-2.09,H1_VolSurge,HINDUNILVR
2025-08-28,2025-09-17,2699.11,2523.98,-6.49,-6.89,H1_VolSurge,HINDUNILVR
2025-12-04,2025-12-24,2415.43,2259.22,-6.47,-6.87,H1_VolSurge,HINDUNILVR
2025-12-05,2025-12-26,2397.61,2262.39,-5.64,-6.04,H1_VolSurge,HINDUNILVR
2024-12-04,2024-12-24,3703.94,3571.24,-3.58,-3.98,H1_VolSurge,LT
2024-12-10,2024-12-31,3880.55,3539.74,-8.78,-9.18,H1_VolSurge,LT
2025-05-16,2025-06-05,3573.44,3607.37,0.95,0.55,H1_VolSurge,LT
2025-06-23,2025-07-11,3609.74,3506.35,-2.86,-3.26,H1_VolSurge,LT
2025-09-17,2025-10-08,3636.48,3693.72,1.57,1.17,H1_VolSurge,LT
2025-09-29,2025-10-20,3701.84,3835.24,3.6,3.2,H1_VolSurge,LT
2025-10-29,2025-11-19,3949.42,3980.72,0.79,0.39,H1_VolSurge,LT
2026-01-30,2026-02-19,3864.75,4239.1,9.69,9.29,H1_VolSurge,LT
2025-03-13,2025-04-04,394.0,425.16,7.91,7.51,H1_VolSurge,KOTAKBANK
2025-03-24,2025-04-16,418.79,423.46,1.11,0.71,H1_VolSurge,KOTAKBANK
2025-03-25,2025-04-17,434.73,436.36,0.38,-0.02,H1_VolSurge,KOTAKBANK
2025-06-10,2025-06-30,428.11,431.46,0.78,0.38,H1_VolSurge,KOTAKBANK
2025-06-30,2025-07-18,440.31,427.36,-2.94,-3.34,H1_VolSurge,KOTAKBANK
2025-07-09,2025-07-29,442.13,393.86,-10.92,-11.32,H1_VolSurge,KOTAKBANK
2025-10-17,2025-11-10,440.02,417.82,-5.05,-5.45,H1_VolSurge,KOTAKBANK
2025-12-31,2026-01-20,430.86,423.07,-1.81,-2.21,H1_VolSurge,KOTAKBANK
2024-12-31,2025-01-20,1779.2,1685.58,-5.26,-5.66,H1_VolSurge,HCLTECH
2025-01-13,2025-01-31,1853.24,1619.18,-12.63,-13.03,H1_VolSurge,HCLTECH
2025-01-14,2025-02-01,1798.61,1589.67,-11.62,-12.02,H1_VolSurge,HCLTECH
2025-11-20,2025-12-10,1603.27,1606.55,0.2,-0.2,H1_VolSurge,HCLTECH
2026-01-08,2026-01-29,1594.3,1672.19,4.89,4.49,H1_VolSurge,HCLTECH
2026-01-12,2026-02-02,1599.99,1628.67,1.79,1.39,H1_VolSurge,HCLTECH
2026-01-13,2026-02-03,1624.87,1646.64,1.34,0.94,H1_VolSurge,HCLTECH
2026-01-14,2026-02-04,1605.58,1575.25,-1.89,-2.29,H1_VolSurge,HCLTECH
2025-01-29,2025-02-17,756.38,832.38,10.05,9.65,H1_VolSurge,BAJFINANCE
2025-02-04,2025-02-24,832.22,825.3,-0.83,-1.23,H1_VolSurge,BAJFINANCE
2025-03-13,2025-04-04,839.63,861.24,2.57,2.17,H1_VolSurge,BAJFINANCE
2025-03-28,2025-04-23,888.78,920.92,3.62,3.22,H1_VolSurge,BAJFINANCE
2025-04-07,2025-04-30,823.82,852.91,3.53,3.13,H1_VolSurge,BAJFINANCE
2025-06-02,2025-06-20,907.42,899.47,-0.88,-1.28,H1_VolSurge,BAJFINANCE
2025-06-09,2025-06-27,949.17,941.21,-0.84,-1.24,H1_VolSurge,BAJFINANCE
2025-06-10,2025-06-30,964.07,930.78,-3.45,-3.85,H1_VolSurge,BAJFINANCE
2025-08-19,2025-09-09,900.41,942.61,4.69,4.29,H1_VolSurge,BAJFINANCE
2025-09-05,2025-09-25,936.24,1006.56,7.51,7.11,H1_VolSurge,BAJFINANCE
2025-09-15,2025-10-06,992.9,1002.74,0.99,0.59,H1_VolSurge,BAJFINANCE
2025-11-28,2025-12-18,1031.66,994.19,-3.63,-4.03,H1_VolSurge,BAJFINANCE
2025-12-08,2025-12-29,1041.6,991.9,-4.77,-5.17,H1_VolSurge,BAJFINANCE
2025-02-03,2025-02-21,12723.13,12070.27,-5.13,-5.53,H1_VolSurge,MARUTI
2025-06-19,2025-07-09,12488.06,12213.81,-2.2,-2.6,H1_VolSurge,MARUTI
2025-07-03,2025-07-23,12370.53,12367.59,-0.02,-0.42,H1_VolSurge,MARUTI
2025-07-04,2025-07-24,12453.78,12299.03,-1.24,-1.64,H1_VolSurge,MARUTI
2025-08-13,2025-09-04,12712.33,14516.21,14.19,13.79,H1_VolSurge,MARUTI
2025-08-19,2025-09-09,13930.1,15212.22,9.2,8.8,H1_VolSurge,MARUTI
2025-08-20,2025-09-10,14219.2,14957.78,5.19,4.79,H1_VolSurge,MARUTI
2025-08-28,2025-09-17,14746.9,15643.89,6.08,5.68,H1_VolSurge,MARUTI
2025-11-24,2025-12-12,15845.86,16357.72,3.23,2.83,H1_VolSurge,MARUTI
2025-04-22,2025-05-13,1228.4,1191.66,-2.99,-3.39,H1_VolSurge,AXISBANK
2025-04-28,2025-05-19,1164.41,1200.85,3.13,2.73,H1_VolSurge,AXISBANK
2025-06-09,2025-06-27,1210.53,1223.11,1.04,0.64,H1_VolSurge,AXISBANK
2025-09-24,2025-10-15,1167.1,1168.7,0.14,-0.26,H1_VolSurge,AXISBANK
2025-09-26,2025-10-17,1160.7,1199.28,3.32,2.92,H1_VolSurge,AXISBANK
2025-10-07,2025-10-28,1211.07,1245.34,2.83,2.43,H1_VolSurge,AXISBANK
2025-10-24,2025-11-14,1253.23,1240.64,-1.0,-1.4,H1_VolSurge,AXISBANK
2025-11-19,2025-12-09,1267.02,1274.92,0.62,0.22,H1_VolSurge,AXISBANK
2026-01-06,2026-01-27,1303.59,1314.79,0.86,0.46,H1_VolSurge,AXISBANK
2026-01-15,2026-02-05,1297.8,1329.57,2.45,2.05,H1_VolSurge,AXISBANK
2026-01-28,2026-02-17,1346.96,1356.15,0.68,0.28,H1_VolSurge,AXISBANK
2026-01-30,2026-02-19,1350.96,1355.55,0.34,-0.06,H1_VolSurge,AXISBANK
2026-02-02,2026-02-20,1337.97,1367.25,2.19,1.79,H1_VolSurge,AXISBANK
2025-08-08,2025-09-01,2481.07,2544.12,2.54,2.14,H1_VolSurge,ASIANPAINT
2025-08-19,2025-09-09,2561.15,2511.56,-1.94,-2.34,H1_VolSurge,ASIANPAINT
2025-11-07,2025-11-27,2576.49,2854.34,10.78,10.38,H1_VolSurge,ASIANPAINT
2025-11-11,2025-12-01,2623.51,2842.93,8.36,7.96,H1_VolSurge,ASIANPAINT
2025-11-13,2025-12-03,2829.89,2928.1,3.47,3.07,H1_VolSurge,ASIANPAINT
2025-11-14,2025-12-04,2836.03,2931.76,3.38,2.98,H1_VolSurge,ASIANPAINT
2025-11-17,2025-12-05,2876.91,2942.97,2.3,1.9,H1_VolSurge,ASIANPAINT
2026-01-13,2026-02-03,2875.06,2405.13,-16.34,-16.74,H1_VolSurge,ASIANPAINT
2025-06-23,2025-07-11,3458.41,3350.61,-3.12,-3.52,H1_VolSurge,TITAN
2025-06-26,2025-07-16,3632.12,3406.12,-6.22,-6.62,H1_VolSurge,TITAN
2025-06-27,2025-07-17,3676.83,3422.07,-6.93,-7.33,H1_VolSurge,TITAN
2025-08-19,2025-09-09,3543.37,3618.23,2.11,1.71,H1_VolSurge,TITAN
2025-11-06,2025-11-26,3767.64,3884.95,3.11,2.71,H1_VolSurge,TITAN
2025-11-20,2025-12-10,3937.08,3833.12,-2.64,-3.04,H1_VolSurge,TITAN
2025-12-10,2025-12-31,3818.47,4038.25,5.76,5.36,H1_VolSurge,TITAN
2025-12-17,2026-01-07,3917.15,4259.22,8.73,8.33,H1_VolSurge,TITAN
2025-12-29,2026-01-16,3996.88,4183.17,4.66,4.26,H1_VolSurge,TITAN
2025-12-31,2026-01-20,3970.97,4062.17,2.3,1.9,H1_VolSurge,TITAN
2026-01-01,2026-01-21,4050.41,4065.86,0.38,-0.02,H1_VolSurge,TITAN
2026-01-08,2026-01-29,4259.22,3926.81,-7.8,-8.2,H1_VolSurge,TITAN
2024-11-26,2024-12-16,271.09,286.57,5.71,5.31,H1_VolSurge,WIPRO
2025-01-13,2025-01-31,277.07,294.82,6.4,6.0,H1_VolSurge,WIPRO
2025-01-23,2025-02-11,288.33,295.86,2.61,2.21,H1_VolSurge,WIPRO
2025-01-24,2025-02-12,295.65,293.21,-0.83,-1.23,H1_VolSurge,WIPRO
2025-12-23,2026-01-13,262.16,254.64,-2.87,-3.27,H1_VolSurge,WIPRO
2026-01-08,2026-01-29,261.1,237.09,-9.19,-9.59,H1_VolSurge,WIPRO
2026-01-19,2026-02-09,242.88,227.48,-6.34,-6.74,H1_VolSurge,WIPRO
2025-06-23,2025-07-11,11102.57,12167.93,9.6,9.2,H1_VolSurge,ULTRACEMCO
2025-06-27,2025-07-17,11666.41,12167.93,4.3,3.9,H1_VolSurge,ULTRACEMCO
2025-06-30,2025-07-18,11895.26,12170.85,2.32,1.92,H1_VolSurge,ULTRACEMCO
2025-07-22,2025-08-11,12317.9,12156.86,-1.31,-1.71,H1_VolSurge,ULTRACEMCO
2025-08-19,2025-09-09,12531.22,12320.52,-1.68,-2.08,H1_VolSurge,ULTRACEMCO
2025-09-23,2025-10-14,12396.96,11828.56,-4.58,-4.98,H1_VolSurge,ULTRACEMCO
2025-10-21,2025-11-12,12123.54,11682.54,-3.64,-4.04,H1_VolSurge,ULTRACEMCO
2026-01-06,2026-01-27,11857.96,12337.18,4.04,3.64,H1_VolSurge,ULTRACEMCO
2026-01-15,2026-02-05,12009.86,12517.5,4.23,3.83,H1_VolSurge,ULTRACEMCO
2026-01-19,2026-02-09,12102.96,12787.0,5.65,5.25,H1_VolSurge,ULTRACEMCO
2026-01-29,2026-02-18,12502.8,12790.92,2.3,1.9,H1_VolSurge,ULTRACEMCO
2026-01-15,2026-02-05,342.78,360.36,5.13,4.73,H1_VolSurge,NTPC
2026-01-30,2026-02-19,352.5,359.32,1.93,1.53,H1_VolSurge,NTPC
2026-02-02,2026-02-20,338.71,368.96,8.93,8.53,H1_VolSurge,NTPC
2025-10-16,2025-11-07,1209.03,1249.91,3.38,2.98,H1_VolSurge,NESTLEIND
2025-10-17,2025-11-10,1251.1,1250.11,-0.08,-0.48,H1_VolSurge,NESTLEIND
2025-10-20,2025-11-11,1276.44,1255.26,-1.66,-2.06,H1_VolSurge,NESTLEIND
2025-12-29,2026-01-16,1262.09,1302.57,3.21,2.81,H1_VolSurge,NESTLEIND
2026-01-06,2026-01-27,1305.64,1290.1,-1.19,-1.59,H1_VolSurge,NESTLEIND
2026-02-02,2026-02-20,1284.36,1287.61,0.25,-0.15,H1_VolSurge,NESTLEIND
2025-11-25,2025-12-15,1768.84,1780.83,0.68,0.28,H1_VolSurge,SUNPHARMA
2025-11-28,2025-12-18,1793.92,1730.1,-3.56,-3.96,H1_VolSurge,SUNPHARMA
2026-01-08,2026-01-29,1750.02,1574.92,-10.01,-10.41,H1_VolSurge,SUNPHARMA
2024-10-24,2024-11-13,1628.92,1587.23,-2.56,-2.96,H1_VolSurge,TECHM
2024-12-13,2025-01-03,1687.08,1600.35,-5.14,-5.54,H1_VolSurge,TECHM
2024-12-31,2025-01-20,1637.82,1586.29,-3.15,-3.55,H1_VolSurge,TECHM
2025-02-19,2025-03-12,1604.71,1362.45,-15.1,-15.5,H1_VolSurge,TECHM
2025-06-11,2025-07-01,1532.67,1583.07,3.29,2.89,H1_VolSurge,TECHM
2025-06-12,2025-07-02,1549.72,1588.66,2.51,2.11,H1_VolSurge,TECHM
2025-06-20,2025-07-10,1591.4,1543.41,-3.02,-3.42,H1_VolSurge,TECHM
2025-06-23,2025-07-11,1591.4,1545.73,-2.87,-3.27,H1_VolSurge,TECHM
2026-01-14,2026-02-04,1572.05,1603.63,2.01,1.61,H1_VolSurge,TECHM
2026-01-19,2026-02-09,1647.19,1580.62,-4.04,-4.44,H1_VolSurge,TECHM
2026-01-20,2026-02-10,1671.56,1602.94,-4.1,-4.5,H1_VolSurge,TECHM
2025-09-24,2025-10-15,2653.81,2531.67,-4.6,-5.0,H1_VolSurge,ADANIENT
2025-08-20,2025-09-10,1363.65,1383.27,1.44,1.04,H1_VolSurge,ADANIPORTS
2025-09-10,2025-09-30,1394.12,1397.61,0.25,-0.15,H1_VolSurge,ADANIPORTS
2025-09-23,2025-10-14,1446.9,1423.0,-1.65,-2.05,H1_VolSurge,ADANIPORTS
2025-10-17,2025-11-10,1473.29,1438.84,-2.34,-2.74,H1_VolSurge,ADANIPORTS
2025-10-30,2025-11-20,1451.88,1484.84,2.27,1.87,H1_VolSurge,ADANIPORTS
2025-11-13,2025-12-03,1508.64,1491.41,-1.14,-1.54,H1_VolSurge,ADANIPORTS
2025-11-27,2025-12-17,1505.46,1480.06,-1.69,-2.09,H1_VolSurge,ADANIPORTS
2026-02-04,2026-02-24,1523.48,1548.87,1.67,1.27,H1_VolSurge,ADANIPORTS
2026-02-05,2026-02-25,1561.42,1522.28,-2.51,-2.91,H1_VolSurge,ADANIPORTS
2025-03-20,2025-04-11,153.19,127.75,-16.61,-17.01,H1_VolSurge,TATASTEEL
2025-05-15,2025-06-04,148.89,151.45,1.72,1.32,H1_VolSurge,TATASTEEL
2025-06-27,2025-07-17,157.75,156.67,-0.68,-1.08,H1_VolSurge,TATASTEEL
2025-07-03,2025-07-23,162.65,159.48,-1.95,-2.35,H1_VolSurge,TATASTEEL
2025-09-04,2025-09-24,165.59,169.17,2.17,1.77,H1_VolSurge,TATASTEEL
2025-10-06,2025-10-27,169.8,173.09,1.94,1.54,H1_VolSurge,TATASTEEL
2025-10-10,2025-10-31,172.44,179.15,3.89,3.49,H1_VolSurge,TATASTEEL
2025-10-29,2025-11-19,179.96,169.71,-5.69,-6.09,H1_VolSurge,TATASTEEL
2025-10-30,2025-11-20,180.67,168.98,-6.48,-6.88,H1_VolSurge,TATASTEEL
2025-12-15,2026-01-05,167.5,181.97,8.64,8.24,H1_VolSurge,TATASTEEL
2025-12-30,2026-01-19,169.29,184.47,8.97,8.57,H1_VolSurge,TATASTEEL
2026-01-01,2026-01-21,176.95,180.68,2.11,1.71,H1_VolSurge,TATASTEEL
2026-01-15,2026-02-05,185.43,193.76,4.5,4.1,H1_VolSurge,TATASTEEL
2026-01-30,2026-02-19,194.54,201.26,3.46,3.06,H1_VolSurge,TATASTEEL
2024-11-11,2024-12-03,979.72,990.43,1.09,0.69,H1_VolSurge,JSWSTEEL
2025-03-24,2025-04-16,1054.09,1000.94,-5.04,-5.44,H1_VolSurge,JSWSTEEL
2025-05-16,2025-06-05,1034.65,960.63,-7.15,-7.55,H1_VolSurge,JSWSTEEL
2025-05-27,2025-06-16,1023.35,995.39,-2.73,-3.13,H1_VolSurge,JSWSTEEL
2025-06-27,2025-07-17,1029.75,1028.29,-0.14,-0.54,H1_VolSurge,JSWSTEEL
2025-07-03,2025-07-23,1056.07,1027.9,-2.67,-3.07,H1_VolSurge,JSWSTEEL
2025-08-01,2025-08-22,1047.98,1048.58,0.06,-0.34,H1_VolSurge,JSWSTEEL
2025-08-19,2025-09-09,1073.83,1098.19,2.27,1.87,H1_VolSurge,JSWSTEEL
2025-09-04,2025-09-24,1068.86,1142.54,6.89,6.49,H1_VolSurge,JSWSTEEL
2025-09-09,2025-09-29,1093.72,1115.79,2.02,1.62,H1_VolSurge,JSWSTEEL
2025-09-24,2025-10-15,1131.9,1154.17,1.97,1.57,H1_VolSurge,JSWSTEEL
2025-09-25,2025-10-16,1142.54,1165.41,2.0,1.6,H1_VolSurge,JSWSTEEL
2025-10-01,2025-10-23,1138.46,1131.7,-0.59,-0.99,H1_VolSurge,JSWSTEEL
2025-10-29,2025-11-19,1182.41,1158.25,-2.04,-2.44,H1_VolSurge,JSWSTEEL
2025-10-30,2025-11-20,1201.0,1163.32,-3.14,-3.54,H1_VolSurge,JSWSTEEL
2025-11-28,2025-12-18,1153.38,1076.02,-6.71,-7.11,H1_VolSurge,JSWSTEEL
2026-01-01,2026-01-21,1156.86,1167.89,0.95,0.55,H1_VolSurge,JSWSTEEL
2026-01-28,2026-02-17,1224.96,1237.49,1.02,0.62,H1_VolSurge,JSWSTEEL
2026-01-30,2026-02-19,1220.99,1221.38,0.03,-0.37,H1_VolSurge,JSWSTEEL
2026-02-02,2026-02-20,1193.15,1228.74,2.98,2.58,H1_VolSurge,JSWSTEEL
2025-05-22,2025-06-11,654.76,647.05,-1.18,-1.58,H1_VolSurge,HINDALCO
2025-06-27,2025-07-17,686.36,666.16,-2.94,-3.34,H1_VolSurge,HINDALCO
2025-08-14,2025-09-05,697.36,739.94,6.11,5.71,H1_VolSurge,HINDALCO
2025-09-04,2025-09-24,740.19,737.2,-0.4,-0.8,H1_VolSurge,HINDALCO
2025-10-06,2025-10-27,777.99,836.49,7.52,7.12,H1_VolSurge,HINDALCO
2025-10-27,2025-11-17,830.57,802.96,-3.32,-3.72,H1_VolSurge,HINDALCO
2025-12-15,2026-01-05,847.53,926.86,9.36,8.96,H1_VolSurge,HINDALCO
2025-12-31,2026-01-20,881.8,923.28,4.7,4.3,H1_VolSurge,HINDALCO
2026-01-29,2026-02-18,1005.01,894.58,-10.99,-11.39,H1_VolSurge,HINDALCO
2026-01-30,2026-02-19,994.81,900.95,-9.43,-9.83,H1_VolSurge,HINDALCO
