entry_date,exit_date,entry,exit,gross_ret,net_ret,hypothesis,ticker,dataset
2021-10-26,2021-11-01,1185.33,1149.42,-3.03,-3.43,H2_RSIMomentum,RELIANCE,TRAIN
2022-09-02,2022-09-08,1163.43,1174.79,0.98,0.58,H2_RSIMomentum,RELIANCE,TRAIN
2023-05-26,2023-06-01,1116.9,1119.29,0.21,-0.19,H2_RSIMomentum,RELIANCE,TRAIN
2023-05-29,2023-06-02,1145.53,1115.63,-2.61,-3.01,H2_RSIMomentum,RELIANCE,TRAIN
2023-05-31,2023-06-06,1135.99,1126.61,-0.83,-1.23,H2_RSIMomentum,RELIANCE,TRAIN
2023-06-01,2023-06-07,1126.97,1135.15,0.73,0.33,H2_RSIMomentum,RELIANCE,TRAIN
2023-06-02,2023-06-08,1122.81,1135.83,1.16,0.76,H2_RSIMomentum,RELIANCE,TRAIN
2023-06-05,2023-06-09,1121.09,1127.79,0.6,0.2,H2_RSIMomentum,RELIANCE,TRAIN
2023-07-10,2023-07-14,1221.82,1245.36,1.93,1.53,H2_RSIMomentum,RELIANCE,TRAIN
2023-08-21,2023-08-25,1254.84,1219.47,-2.82,-3.22,H2_RSIMomentum,RELIANCE,TRAIN
2023-09-18,2023-09-25,1205.49,1156.28,-4.08,-4.48,H2_RSIMomentum,RELIANCE,TRAIN
2024-01-24,2024-01-31,1319.31,1409.63,6.85,6.45,H2_RSIMomentum,RELIANCE,TRAIN
2024-02-23,2024-02-29,1471.75,1443.39,-1.93,-2.33,H2_RSIMomentum,RELIANCE,TRAIN
2024-03-01,2024-03-07,1446.06,1461.3,1.05,0.65,H2_RSIMomentum,RELIANCE,TRAIN
2024-03-14,2024-03-20,1422.55,1426.55,0.28,-0.12,H2_RSIMomentum,RELIANCE,TRAIN
2024-03-26,2024-04-02,1427.78,1469.23,2.9,2.5,H2_RSIMomentum,RELIANCE,TRAIN
2024-03-28,2024-04-04,1475.09,1445.49,-2.01,-2.41,H2_RSIMomentum,RELIANCE,TRAIN
2024-04-01,2024-04-05,1474.69,1442.7,-2.17,-2.57,H2_RSIMomentum,RELIANCE,TRAIN
2024-04-05,2024-04-12,1443.47,1449.67,0.43,0.03,H2_RSIMomentum,RELIANCE,TRAIN
2024-04-15,2024-04-22,1443.59,1462.22,1.29,0.89,H2_RSIMomentum,RELIANCE,TRAIN
2024-04-22,2024-04-26,1454.9,1435.24,-1.35,-1.75,H2_RSIMomentum,RELIANCE,TRAIN
2024-04-26,2024-05-03,1446.51,1416.91,-2.05,-2.45,H2_RSIMomentum,RELIANCE,TRAIN
2024-05-03,2024-05-09,1453.47,1377.51,-5.23,-5.63,H2_RSIMomentum,RELIANCE,TRAIN
2024-06-10,2024-06-14,1452.43,1459.94,0.52,0.12,H2_RSIMomentum,RELIANCE,TRAIN
2024-06-24,2024-06-28,1428.3,1546.75,8.29,7.89,H2_RSIMomentum,RELIANCE,TRAIN
2023-06-01,2023-06-07,2990.62,2955.33,-1.18,-1.58,H2_RSIMomentum,TCS,TRAIN
2023-06-05,2023-06-09,2991.52,2896.13,-3.19,-3.59,H2_RSIMomentum,TCS,TRAIN
2023-07-24,2023-07-28,3081.76,3058.43,-0.76,-1.16,H2_RSIMomentum,TCS,TRAIN
2023-08-21,2023-08-25,3076.29,3082.04,0.19,-0.21,H2_RSIMomentum,TCS,TRAIN
2023-10-13,2023-10-19,3217.58,3157.96,-1.85,-2.25,H2_RSIMomentum,TCS,TRAIN
2023-10-16,2023-10-20,3250.39,3193.5,-1.75,-2.15,H2_RSIMomentum,TCS,TRAIN
2023-12-14,2023-12-20,3317.29,3454.41,4.13,3.73,H2_RSIMomentum,TCS,TRAIN
2024-01-05,2024-01-11,3358.41,3413.74,1.65,1.25,H2_RSIMomentum,TCS,TRAIN
2024-01-15,2024-01-19,3618.86,3628.47,0.27,-0.13,H2_RSIMomentum,TCS,TRAIN
2024-01-16,2024-01-23,3563.11,3550.44,-0.36,-0.76,H2_RSIMomentum,TCS,TRAIN
2024-01-18,2024-01-25,3562.2,3506.31,-1.57,-1.97,H2_RSIMomentum,TCS,TRAIN
2024-01-24,2024-01-31,3570.45,3511.51,-1.65,-2.05,H2_RSIMomentum,TCS,TRAIN
2024-02-23,2024-02-29,3800.51,3768.39,-0.85,-1.25,H2_RSIMomentum,TCS,TRAIN
2024-02-26,2024-03-01,3714.01,3767.7,1.45,1.05,H2_RSIMomentum,TCS,TRAIN
2024-02-28,2024-03-05,3768.85,3692.01,-2.04,-2.44,H2_RSIMomentum,TCS,TRAIN
2024-03-01,2024-03-07,3779.53,3780.81,0.03,-0.37,H2_RSIMomentum,TCS,TRAIN
2024-03-11,2024-03-15,3762.78,3882.64,3.19,2.79,H2_RSIMomentum,TCS,TRAIN
2024-03-12,2024-03-18,3793.47,3821.21,0.73,0.33,H2_RSIMomentum,TCS,TRAIN
2024-04-15,2024-04-22,3682.17,3556.28,-3.42,-3.82,H2_RSIMomentum,TCS,TRAIN
2024-08-16,2024-08-22,4041.41,4182.63,3.49,3.09,H2_RSIMomentum,TCS,TRAIN
2024-08-19,2024-08-23,4107.38,4147.23,0.97,0.57,H2_RSIMomentum,TCS,TRAIN
2024-09-13,2024-09-19,4208.64,3991.38,-5.16,-5.56,H2_RSIMomentum,TCS,TRAIN
2022-09-02,2022-09-08,696.83,708.87,1.73,1.33,H2_RSIMomentum,HDFCBANK,TRAIN
2022-09-12,2022-09-16,710.01,706.58,-0.48,-0.88,H2_RSIMomentum,HDFCBANK,TRAIN
2022-09-19,2022-09-23,704.8,684.52,-2.88,-3.28,H2_RSIMomentum,HDFCBANK,TRAIN
2022-12-02,2022-12-08,762.08,766.57,0.59,0.19,H2_RSIMomentum,HDFCBANK,TRAIN
2022-12-16,2022-12-22,766.83,763.05,-0.49,-0.89,H2_RSIMomentum,HDFCBANK,TRAIN
2023-01-19,2023-01-25,774.86,780.37,0.71,0.31,H2_RSIMomentum,HDFCBANK,TRAIN
2023-01-24,2023-01-31,792.87,759.0,-4.27,-4.67,H2_RSIMomentum,HDFCBANK,TRAIN
2023-05-10,2023-05-16,778.41,788.67,1.32,0.92,H2_RSIMomentum,HDFCBANK,TRAIN
2023-05-11,2023-05-17,788.18,784.44,-0.48,-0.88,H2_RSIMomentum,HDFCBANK,TRAIN
2023-05-19,2023-05-25,789.01,770.62,-2.33,-2.73,H2_RSIMomentum,HDFCBANK,TRAIN
2023-07-12,2023-07-18,792.53,803.13,1.34,0.94,H2_RSIMomentum,HDFCBANK,TRAIN
2023-07-18,2023-07-24,812.95,803.56,-1.15,-1.55,H2_RSIMomentum,HDFCBANK,TRAIN
2023-07-19,2023-07-25,804.86,812.28,0.92,0.52,H2_RSIMomentum,HDFCBANK,TRAIN
2023-07-21,2023-07-27,804.33,801.05,-0.41,-0.81,H2_RSIMomentum,HDFCBANK,TRAIN
2023-07-26,2023-08-01,813.71,795.83,-2.2,-2.6,H2_RSIMomentum,HDFCBANK,TRAIN
2023-07-28,2023-08-03,795.47,779.74,-1.98,-2.38,H2_RSIMomentum,HDFCBANK,TRAIN
2024-05-02,2024-05-08,728.68,709.84,-2.59,-2.99,H2_RSIMomentum,HDFCBANK,TRAIN
2024-07-08,2024-07-12,798.47,787.5,-1.37,-1.77,H2_RSIMomentum,HDFCBANK,TRAIN
2024-08-22,2024-08-28,792.02,794.49,0.31,-0.09,H2_RSIMomentum,HDFCBANK,TRAIN
2024-08-30,2024-09-05,803.67,798.55,-0.64,-1.04,H2_RSIMomentum,HDFCBANK,TRAIN
2024-09-02,2024-09-06,799.2,794.42,-0.6,-1.0,H2_RSIMomentum,HDFCBANK,TRAIN
2024-10-04,2024-10-10,812.64,806.77,-0.72,-1.12,H2_RSIMomentum,HDFCBANK,TRAIN
2022-11-21,2022-11-25,811.47,821.02,1.18,0.78,H2_RSIMomentum,BHARTIARTL,TRAIN
2022-11-23,2022-11-29,825.87,810.36,-1.88,-2.28,H2_RSIMomentum,BHARTIARTL,TRAIN
2022-12-20,2022-12-26,814.14,786.27,-3.42,-3.82,H2_RSIMomentum,BHARTIARTL,TRAIN
2022-12-30,2023-01-05,799.55,782.49,-2.13,-2.53,H2_RSIMomentum,BHARTIARTL,TRAIN
2023-05-18,2023-05-24,773.61,776.96,0.43,0.03,H2_RSIMomentum,BHARTIARTL,TRAIN
2023-05-19,2023-05-25,774.97,797.61,2.92,2.52,H2_RSIMomentum,BHARTIARTL,TRAIN
2023-05-23,2023-05-29,784.28,796.2,1.52,1.12,H2_RSIMomentum,BHARTIARTL,TRAIN
2023-05-25,2023-05-31,775.21,823.98,6.29,5.89,H2_RSIMomentum,BHARTIARTL,TRAIN
2023-07-24,2023-07-28,858.01,867.8,1.14,0.74,H2_RSIMomentum,BHARTIARTL,TRAIN
2023-08-07,2023-08-11,858.16,847.88,-1.2,-1.6,H2_RSIMomentum,BHARTIARTL,TRAIN
2023-12-18,2023-12-22,969.09,963.78,-0.55,-0.95,H2_RSIMomentum,BHARTIARTL,TRAIN
2024-01-03,2024-01-09,1005.07,1036.78,3.15,2.75,H2_RSIMomentum,BHARTIARTL,TRAIN
2024-02-06,2024-02-12,1095.7,1089.56,-0.56,-0.96,H2_RSIMomentum,BHARTIARTL,TRAIN
2024-02-07,2024-02-13,1109.14,1088.74,-1.84,-2.24,H2_RSIMomentum,BHARTIARTL,TRAIN
2024-02-23,2024-02-29,1097.65,1094.09,-0.32,-0.72,H2_RSIMomentum,BHARTIARTL,TRAIN
2024-02-26,2024-03-01,1088.98,1099.3,0.95,0.55,H2_RSIMomentum,BHARTIARTL,TRAIN
2024-02-28,2024-03-05,1103.88,1138.46,3.13,2.73,H2_RSIMomentum,BHARTIARTL,TRAIN
2024-03-01,2024-03-07,1098.62,1168.45,6.36,5.96,H2_RSIMomentum,BHARTIARTL,TRAIN
2024-03-14,2024-03-20,1143.38,1199.72,4.93,4.53,H2_RSIMomentum,BHARTIARTL,TRAIN
2024-04-01,2024-04-05,1196.02,1159.98,-3.01,-3.41,H2_RSIMomentum,BHARTIARTL,TRAIN
2024-04-04,2024-04-10,1199.86,1197.38,-0.21,-0.61,H2_RSIMomentum,BHARTIARTL,TRAIN
2024-05-17,2024-05-24,1318.35,1352.34,2.58,2.18,H2_RSIMomentum,BHARTIARTL,TRAIN
2024-06-06,2024-06-12,1323.61,1400.94,5.84,5.44,H2_RSIMomentum,BHARTIARTL,TRAIN
2024-06-07,2024-06-13,1334.9,1388.62,4.02,3.62,H2_RSIMomentum,BHARTIARTL,TRAIN
2024-06-24,2024-06-28,1365.49,1406.44,3.0,2.6,H2_RSIMomentum,BHARTIARTL,TRAIN
2024-07-01,2024-07-05,1412.24,1392.46,-1.4,-1.8,H2_RSIMomentum,BHARTIARTL,TRAIN
2024-08-07,2024-08-13,1422.06,1429.61,0.53,0.13,H2_RSIMomentum,BHARTIARTL,TRAIN
2024-08-19,2024-08-23,1456.34,1475.69,1.33,0.93,H2_RSIMomentum,BHARTIARTL,TRAIN
2024-08-21,2024-08-27,1423.04,1491.36,4.8,4.4,H2_RSIMomentum,BHARTIARTL,TRAIN
2025-02-05,2025-02-11,1635.57,1661.77,1.6,1.2,H2_RSIMomentum,BHARTIARTL,TRAIN
2022-09-02,2022-09-08,845.85,869.75,2.83,2.43,H2_RSIMomentum,ICICIBANK,TRAIN
2022-11-14,2022-11-18,875.75,890.61,1.7,1.3,H2_RSIMomentum,ICICIBANK,TRAIN
2022-11-15,2022-11-21,871.45,891.62,2.32,1.92,H2_RSIMomentum,ICICIBANK,TRAIN
2022-11-16,2022-11-22,883.06,893.85,1.22,0.82,H2_RSIMomentum,ICICIBANK,TRAIN
2022-12-07,2022-12-13,892.2,902.8,1.19,0.79,H2_RSIMomentum,ICICIBANK,TRAIN
2023-06-01,2023-06-07,923.41,909.82,-1.47,-1.87,H2_RSIMomentum,ICICIBANK,TRAIN
2023-06-23,2023-06-30,896.12,904.4,0.92,0.52,H2_RSIMomentum,ICICIBANK,TRAIN
2023-06-30,2023-07-06,910.11,928.39,2.01,1.61,H2_RSIMomentum,ICICIBANK,TRAIN
2023-08-04,2023-08-10,937.35,940.62,0.35,-0.05,H2_RSIMomentum,ICICIBANK,TRAIN
2023-08-25,2023-08-31,939.5,935.4,-0.44,-0.84,H2_RSIMomentum,ICICIBANK,TRAIN
2023-09-07,2023-09-13,934.09,965.7,3.38,2.98,H2_RSIMomentum,ICICIBANK,TRAIN
2023-12-26,2024-01-01,970.67,975.06,0.45,0.05,H2_RSIMomentum,ICICIBANK,TRAIN
2023-12-29,2024-01-04,979.6,963.11,-1.68,-2.08,H2_RSIMomentum,ICICIBANK,TRAIN
2024-01-23,2024-01-30,1033.31,992.14,-3.98,-4.38,H2_RSIMomentum,ICICIBANK,TRAIN
2024-01-25,2024-02-01,974.09,1000.19,2.68,2.28,H2_RSIMomentum,ICICIBANK,TRAIN
2024-01-29,2024-02-02,995.16,999.06,0.39,-0.01,H2_RSIMomentum,ICICIBANK,TRAIN
2024-03-18,2024-03-22,1048.87,1063.75,1.42,1.02,H2_RSIMomentum,ICICIBANK,TRAIN
2024-03-28,2024-04-04,1058.58,1052.58,-0.57,-0.97,H2_RSIMomentum,ICICIBANK,TRAIN
2024-05-03,2024-05-09,1113.51,1088.53,-2.24,-2.64,H2_RSIMomentum,ICICIBANK,TRAIN
2024-05-06,2024-05-10,1113.75,1089.85,-2.15,-2.55,H2_RSIMomentum,ICICIBANK,TRAIN
2024-06-03,2024-06-07,1141.51,1094.38,-4.13,-4.53,H2_RSIMomentum,ICICIBANK,TRAIN
2024-06-06,2024-06-12,1090.77,1092.29,0.14,-0.26,H2_RSIMomentum,ICICIBANK,TRAIN
2024-06-20,2024-06-26,1125.95,1188.34,5.54,5.14,H2_RSIMomentum,ICICIBANK,TRAIN
2024-06-24,2024-06-28,1126.53,1170.39,3.89,3.49,H2_RSIMomentum,ICICIBANK,TRAIN
2024-07-25,2024-07-31,1176.14,1185.31,0.78,0.38,H2_RSIMomentum,ICICIBANK,TRAIN
2024-07-30,2024-08-05,1183.46,1144.04,-3.33,-3.73,H2_RSIMomentum,ICICIBANK,TRAIN
2022-12-12,2022-12-16,1391.44,1366.48,-1.79,-2.19,H2_RSIMomentum,INFY,TRAIN
2022-12-14,2022-12-20,1420.16,1353.11,-4.72,-5.12,H2_RSIMomentum,INFY,TRAIN
2023-07-13,2023-07-19,1214.45,1341.86,10.49,10.09,H2_RSIMomentum,INFY,TRAIN
2023-10-12,2023-10-18,1357.28,1310.57,-3.44,-3.84,H2_RSIMomentum,INFY,TRAIN
2023-12-14,2023-12-20,1348.59,1415.86,4.99,4.59,H2_RSIMomentum,INFY,TRAIN
2024-01-08,2024-01-12,1408.99,1486.22,5.48,5.08,H2_RSIMomentum,INFY,TRAIN
2024-01-12,2024-01-18,1439.45,1513.73,5.16,4.76,H2_RSIMomentum,INFY,TRAIN
2024-01-15,2024-01-19,1515.89,1529.02,0.87,0.47,H2_RSIMomentum,INFY,TRAIN
2024-03-01,2024-03-07,1538.06,1489.63,-3.15,-3.55,H2_RSIMomentum,INFY,TRAIN
2024-03-04,2024-03-11,1527.78,1475.02,-3.45,-3.85,H2_RSIMomentum,INFY,TRAIN
2024-03-15,2024-03-21,1512.34,1432.72,-5.26,-5.66,H2_RSIMomentum,INFY,TRAIN
2024-08-06,2024-08-12,1654.56,1689.52,2.11,1.71,H2_RSIMomentum,INFY,TRAIN
2024-09-11,2024-09-17,1799.78,1835.36,1.98,1.58,H2_RSIMomentum,INFY,TRAIN
2024-09-20,2024-09-26,1790.66,1786.2,-0.25,-0.65,H2_RSIMomentum,INFY,TRAIN
2024-09-27,2024-10-04,1816.14,1803.03,-0.72,-1.12,H2_RSIMomentum,INFY,TRAIN
2024-09-30,2024-10-07,1767.17,1818.21,2.89,2.49,H2_RSIMomentum,INFY,TRAIN
2024-12-06,2024-12-12,1837.48,1889.01,2.8,2.4,H2_RSIMomentum,INFY,TRAIN
2022-12-30,2023-01-05,571.58,562.15,-1.65,-2.05,H2_RSIMomentum,SBIN,TRAIN
2023-05-19,2023-05-25,537.9,539.99,0.39,-0.01,H2_RSIMomentum,SBIN,TRAIN
2023-05-22,2023-05-26,536.51,544.41,1.47,1.07,H2_RSIMomentum,SBIN,TRAIN
2023-07-05,2023-07-11,558.59,557.4,-0.21,-0.61,H2_RSIMomentum,SBIN,TRAIN
2023-08-04,2023-08-10,563.32,543.29,-3.56,-3.96,H2_RSIMomentum,SBIN,TRAIN
2024-02-01,2024-02-07,608.73,639.51,5.06,4.66,H2_RSIMomentum,SBIN,TRAIN
2024-02-06,2024-02-12,610.34,670.44,9.85,9.45,H2_RSIMomentum,SBIN,TRAIN
2024-06-06,2024-06-12,770.37,808.02,4.89,4.49,H2_RSIMomentum,SBIN,TRAIN
2024-06-07,2024-06-13,789.53,812.64,2.93,2.53,H2_RSIMomentum,SBIN,TRAIN
2024-07-08,2024-07-12,827.9,827.86,-0.01,-0.41,H2_RSIMomentum,SBIN,TRAIN
2024-07-30,2024-08-05,842.3,781.59,-7.21,-7.61,H2_RSIMomentum,SBIN,TRAIN
2022-09-01,2022-09-07,2466.39,2386.91,-3.22,-3.62,H2_RSIMomentum,HINDUNILVR,TRAIN
2022-09-02,2022-09-08,2433.81,2398.59,-1.45,-1.85,H2_RSIMomentum,HINDUNILVR,TRAIN
2022-09-12,2022-09-16,2411.48,2352.98,-2.43,-2.83,H2_RSIMomentum,HINDUNILVR,TRAIN
2022-09-22,2022-09-28,2441.35,2514.88,3.01,2.61,H2_RSIMomentum,HINDUNILVR,TRAIN
2022-10-24,2022-10-31,2429.25,2373.97,-2.28,-2.68,H2_RSIMomentum,HINDUNILVR,TRAIN
2023-06-14,2023-06-20,2502.61,2527.87,1.01,0.61,H2_RSIMomentum,HINDUNILVR,TRAIN
2023-06-16,2023-06-22,2520.13,2507.33,-0.51,-0.91,H2_RSIMomentum,HINDUNILVR,TRAIN
2023-07-11,2023-07-17,2509.92,2533.16,0.93,0.53,H2_RSIMomentum,HINDUNILVR,TRAIN
2023-07-12,2023-07-18,2555.12,2534.2,-0.82,-1.22,H2_RSIMomentum,HINDUNILVR,TRAIN
2023-07-13,2023-07-19,2536.23,2523.62,-0.5,-0.9,H2_RSIMomentum,HINDUNILVR,TRAIN
2023-12-01,2023-12-07,2424.04,2396.21,-1.15,-1.55,H2_RSIMomentum,HINDUNILVR,TRAIN
2023-12-08,2023-12-14,2396.92,2394.4,-0.11,-0.51,H2_RSIMomentum,HINDUNILVR,TRAIN
2023-12-15,2023-12-21,2397.88,2429.47,1.32,0.92,H2_RSIMomentum,HINDUNILVR,TRAIN
2023-12-18,2023-12-22,2398.02,2450.78,2.2,1.8,H2_RSIMomentum,HINDUNILVR,TRAIN
2024-06-03,2024-06-07,2265.61,2452.87,8.27,7.87,H2_RSIMomentum,HINDUNILVR,TRAIN
2024-09-02,2024-09-06,2684.5,2727.69,1.61,1.21,H2_RSIMomentum,HINDUNILVR,TRAIN
2024-09-30,2024-10-07,2848.03,2722.35,-4.41,-4.81,H2_RSIMomentum,HINDUNILVR,TRAIN
2022-10-07,2022-10-13,278.18,271.45,-2.42,-2.82,H2_RSIMomentum,ITC,TRAIN
2022-10-19,2022-10-25,283.39,286.03,0.93,0.53,H2_RSIMomentum,ITC,TRAIN
2023-05-19,2023-05-25,353.39,370.34,4.8,4.4,H2_RSIMomentum,ITC,TRAIN
2023-05-22,2023-05-26,354.23,372.4,5.13,4.73,H2_RSIMomentum,ITC,TRAIN
2023-05-23,2023-05-29,357.63,377.02,5.42,5.02,H2_RSIMomentum,ITC,TRAIN
2023-06-30,2023-07-06,386.26,406.77,5.31,4.91,H2_RSIMomentum,ITC,TRAIN
2023-07-25,2023-07-31,401.62,399.74,-0.47,-0.87,H2_RSIMomentum,ITC,TRAIN
2023-07-26,2023-08-01,399.05,398.96,-0.02,-0.42,H2_RSIMomentum,ITC,TRAIN
2023-07-27,2023-08-02,407.2,394.93,-3.01,-3.41,H2_RSIMomentum,ITC,TRAIN
2023-12-11,2023-12-15,387.55,393.3,1.48,1.08,H2_RSIMomentum,ITC,TRAIN
2023-12-29,2024-01-04,398.36,408.92,2.65,2.25,H2_RSIMomentum,ITC,TRAIN
2024-05-06,2024-05-10,381.7,377.64,-1.06,-1.46,H2_RSIMomentum,ITC,TRAIN
2024-05-17,2024-05-24,376.82,380.13,0.88,0.48,H2_RSIMomentum,ITC,TRAIN
2024-05-24,2024-05-30,384.31,369.37,-3.89,-4.29,H2_RSIMomentum,ITC,TRAIN
2024-06-06,2024-06-12,386.96,383.67,-0.85,-1.25,H2_RSIMomentum,ITC,TRAIN
2024-06-07,2024-06-13,382.87,381.9,-0.25,-0.65,H2_RSIMomentum,ITC,TRAIN
2024-06-10,2024-06-14,390.51,382.65,-2.01,-2.41,H2_RSIMomentum,ITC,TRAIN
2024-09-02,2024-09-06,447.31,445.27,-0.46,-0.86,H2_RSIMomentum,ITC,TRAIN
2024-09-09,2024-09-13,445.53,456.05,2.36,1.96,H2_RSIMomentum,ITC,TRAIN
2024-09-12,2024-09-18,457.16,450.28,-1.5,-1.9,H2_RSIMomentum,ITC,TRAIN
2024-09-20,2024-09-26,454.41,463.95,2.1,1.7,H2_RSIMomentum,ITC,TRAIN
2024-09-23,2024-09-27,457.47,463.9,1.41,1.01,H2_RSIMomentum,ITC,TRAIN
2024-10-04,2024-10-10,452.63,436.7,-3.52,-3.92,H2_RSIMomentum,ITC,TRAIN
2022-09-15,2022-09-21,1885.77,1824.7,-3.24,-3.64,H2_RSIMomentum,LT,TRAIN
2022-09-19,2022-09-23,1849.2,1787.35,-3.34,-3.74,H2_RSIMomentum,LT,TRAIN
2022-10-07,2022-10-13,1833.7,1805.93,-1.51,-1.91,H2_RSIMomentum,LT,TRAIN
2022-10-18,2022-10-24,1822.24,1838.27,0.88,0.48,H2_RSIMomentum,LT,TRAIN
2022-10-24,2022-10-31,1834.66,1947.38,6.14,5.74,H2_RSIMomentum,LT,TRAIN
2022-10-28,2022-11-03,1898.19,1933.52,1.86,1.46,H2_RSIMomentum,LT,TRAIN
2023-08-31,2023-09-06,2647.98,2658.16,0.38,-0.02,H2_RSIMomentum,LT,TRAIN
2024-01-18,2024-01-25,3476.26,3498.31,0.63,0.23,H2_RSIMomentum,LT,TRAIN
2024-01-19,2024-01-29,3507.61,3609.83,2.91,2.51,H2_RSIMomentum,LT,TRAIN
2024-02-01,2024-02-07,3387.86,3304.82,-2.45,-2.85,H2_RSIMomentum,LT,TRAIN
2024-02-27,2024-03-04,3382.99,3547.96,4.88,4.48,H2_RSIMomentum,LT,TRAIN
2024-03-26,2024-04-02,3509.55,3706.59,5.61,5.21,H2_RSIMomentum,LT,TRAIN
2024-04-01,2024-04-05,3680.75,3644.0,-1.0,-1.4,H2_RSIMomentum,LT,TRAIN
2024-07-03,2024-07-09,3581.64,3597.09,0.43,0.03,H2_RSIMomentum,LT,TRAIN
2024-07-26,2024-08-01,3560.69,3708.16,4.14,3.74,H2_RSIMomentum,LT,TRAIN
2024-09-06,2024-09-12,3547.05,3553.82,0.19,-0.21,H2_RSIMomentum,LT,TRAIN
2024-09-13,2024-09-19,3553.82,3614.36,1.7,1.3,H2_RSIMomentum,LT,TRAIN
2024-09-23,2024-09-27,3728.47,3635.9,-2.48,-2.88,H2_RSIMomentum,LT,TRAIN
2022-08-30,2022-09-06,371.19,381.31,2.73,2.33,H2_RSIMomentum,KOTAKBANK,TRAIN
2022-09-01,2022-09-07,373.21,379.82,1.77,1.37,H2_RSIMomentum,KOTAKBANK,TRAIN
2022-09-02,2022-09-08,381.56,384.16,0.68,0.28,H2_RSIMomentum,KOTAKBANK,TRAIN
2022-09-05,2022-09-09,380.37,383.43,0.8,0.4,H2_RSIMomentum,KOTAKBANK,TRAIN
2022-09-19,2022-09-23,382.78,370.76,-3.14,-3.54,H2_RSIMomentum,KOTAKBANK,TRAIN
2022-10-28,2022-11-03,373.01,378.21,1.4,1.0,H2_RSIMomentum,KOTAKBANK,TRAIN
2022-11-09,2022-11-15,377.78,380.65,0.76,0.36,H2_RSIMomentum,KOTAKBANK,TRAIN
2022-11-14,2022-11-18,378.75,390.04,2.98,2.58,H2_RSIMomentum,KOTAKBANK,TRAIN
2022-12-01,2022-12-07,389.13,380.46,-2.23,-2.63,H2_RSIMomentum,KOTAKBANK,TRAIN
2023-05-18,2023-05-24,382.96,380.24,-0.71,-1.11,H2_RSIMomentum,KOTAKBANK,TRAIN
2023-05-26,2023-06-01,388.12,384.16,-1.02,-1.42,H2_RSIMomentum,KOTAKBANK,TRAIN
2023-05-31,2023-06-06,395.09,389.94,-1.3,-1.7,H2_RSIMomentum,KOTAKBANK,TRAIN
2023-07-25,2023-07-31,378.38,369.53,-2.34,-2.74,H2_RSIMomentum,KOTAKBANK,TRAIN
2024-01-03,2024-01-09,371.32,363.88,-2.0,-2.4,H2_RSIMomentum,KOTAKBANK,TRAIN
2024-01-08,2024-01-12,368.13,365.2,-0.8,-1.2,H2_RSIMomentum,KOTAKBANK,TRAIN
2024-01-09,2024-01-15,365.94,368.83,0.79,0.39,H2_RSIMomentum,KOTAKBANK,TRAIN
2024-02-01,2024-02-07,364.55,357.1,-2.04,-2.44,H2_RSIMomentum,KOTAKBANK,TRAIN
2024-06-20,2024-06-26,351.6,358.2,1.88,1.48,H2_RSIMomentum,KOTAKBANK,TRAIN
2024-07-30,2024-08-05,357.75,353.71,-1.13,-1.53,H2_RSIMomentum,KOTAKBANK,TRAIN
2024-08-22,2024-08-28,361.76,357.23,-1.25,-1.65,H2_RSIMomentum,KOTAKBANK,TRAIN
2024-08-29,2024-09-04,355.63,355.73,0.03,-0.37,H2_RSIMomentum,KOTAKBANK,TRAIN
2024-09-13,2024-09-19,366.34,373.31,1.9,1.5,H2_RSIMomentum,KOTAKBANK,TRAIN
2024-10-04,2024-10-10,362.06,374.14,3.34,2.94,H2_RSIMomentum,KOTAKBANK,TRAIN
2023-06-19,2023-06-23,1011.31,1026.24,1.48,1.08,H2_RSIMomentum,HCLTECH,TRAIN
2023-06-21,2023-06-27,1034.91,1030.51,-0.43,-0.83,H2_RSIMomentum,HCLTECH,TRAIN
2023-07-17,2023-07-21,1014.61,990.94,-2.33,-2.73,H2_RSIMomentum,HCLTECH,TRAIN
2023-10-16,2023-10-20,1122.02,1128.8,0.6,0.2,H2_RSIMomentum,HCLTECH,TRAIN
2024-01-05,2024-01-11,1278.03,1331.67,4.2,3.8,H2_RSIMomentum,HCLTECH,TRAIN
2024-02-07,2024-02-13,1471.36,1505.34,2.31,1.91,H2_RSIMomentum,HCLTECH,TRAIN
2024-03-01,2024-03-07,1514.25,1480.08,-2.26,-2.66,H2_RSIMomentum,HCLTECH,TRAIN
2024-03-11,2024-03-15,1495.76,1488.81,-0.47,-0.87,H2_RSIMomentum,HCLTECH,TRAIN
2024-03-15,2024-03-21,1515.65,1442.26,-4.84,-5.24,H2_RSIMomentum,HCLTECH,TRAIN
2024-03-18,2024-03-22,1491.16,1407.96,-5.58,-5.98,H2_RSIMomentum,HCLTECH,TRAIN
2024-08-16,2024-08-22,1509.01,1546.99,2.52,2.12,H2_RSIMomentum,HCLTECH,TRAIN
2024-08-19,2024-08-23,1536.7,1533.42,-0.21,-0.61,H2_RSIMomentum,HCLTECH,TRAIN
2024-09-20,2024-09-26,1613.3,1646.39,2.05,1.65,H2_RSIMomentum,HCLTECH,TRAIN
2024-09-23,2024-09-27,1628.07,1669.05,2.52,2.12,H2_RSIMomentum,HCLTECH,TRAIN
2024-09-27,2024-10-04,1670.52,1639.7,-1.85,-2.25,H2_RSIMomentum,HCLTECH,TRAIN
2024-10-04,2024-10-10,1640.99,1669.28,1.72,1.32,H2_RSIMomentum,HCLTECH,TRAIN
2024-12-05,2024-12-11,1751.14,1793.78,2.44,2.04,H2_RSIMomentum,HCLTECH,TRAIN
2022-09-01,2022-09-07,707.46,701.39,-0.86,-1.26,H2_RSIMomentum,BAJFINANCE,TRAIN
2022-09-02,2022-09-08,706.34,710.31,0.56,0.16,H2_RSIMomentum,BAJFINANCE,TRAIN
2022-09-14,2022-09-20,711.73,747.28,5.0,4.6,H2_RSIMomentum,BAJFINANCE,TRAIN
2022-10-07,2022-10-13,722.82,699.93,-3.17,-3.57,H2_RSIMomentum,BAJFINANCE,TRAIN
2022-10-24,2022-10-31,715.43,699.19,-2.27,-2.67,H2_RSIMomentum,BAJFINANCE,TRAIN
2023-07-03,2023-07-07,703.79,749.17,6.45,6.05,H2_RSIMomentum,BAJFINANCE,TRAIN
2023-07-11,2023-07-17,743.73,738.22,-0.74,-1.14,H2_RSIMomentum,BAJFINANCE,TRAIN
2023-07-12,2023-07-18,734.19,729.28,-0.67,-1.07,H2_RSIMomentum,BAJFINANCE,TRAIN
2023-08-30,2023-09-05,720.04,721.92,0.26,-0.14,H2_RSIMomentum,BAJFINANCE,TRAIN
2023-10-19,2023-10-26,770.89,729.46,-5.37,-5.77,H2_RSIMomentum,BAJFINANCE,TRAIN
2024-07-05,2024-07-11,704.69,686.55,-2.57,-2.97,H2_RSIMomentum,BAJFINANCE,TRAIN
2022-09-01,2022-09-07,8603.1,8444.44,-1.84,-2.24,H2_RSIMomentum,MARUTI,TRAIN
2022-09-02,2022-09-08,8676.68,8449.97,-2.61,-3.01,H2_RSIMomentum,MARUTI,TRAIN
2022-12-01,2022-12-07,8669.52,8323.57,-3.99,-4.39,H2_RSIMomentum,MARUTI,TRAIN
2023-06-01,2023-06-07,8975.63,9331.29,3.96,3.56,H2_RSIMomentum,MARUTI,TRAIN
2023-06-21,2023-06-27,9133.75,9094.34,-0.43,-0.83,H2_RSIMomentum,MARUTI,TRAIN
2023-07-03,2023-07-07,9364.5,9468.51,1.11,0.71,H2_RSIMomentum,MARUTI,TRAIN
2023-07-07,2023-07-13,9472.11,9273.66,-2.1,-2.5,H2_RSIMomentum,MARUTI,TRAIN
2023-08-01,2023-08-07,9381.75,9240.86,-1.5,-1.9,H2_RSIMomentum,MARUTI,TRAIN
2023-08-02,2023-08-08,9338.5,9259.05,-0.85,-1.25,H2_RSIMomentum,MARUTI,TRAIN
2023-08-03,2023-08-09,9313.68,9181.96,-1.41,-1.81,H2_RSIMomentum,MARUTI,TRAIN
2023-08-04,2023-08-10,9275.98,9118.41,-1.7,-2.1,H2_RSIMomentum,MARUTI,TRAIN
2023-09-25,2023-09-29,10222.16,10295.37,0.72,0.32,H2_RSIMomentum,MARUTI,TRAIN
2023-10-16,2023-10-20,10411.17,10407.0,-0.04,-0.44,H2_RSIMomentum,MARUTI,TRAIN
2023-12-11,2023-12-15,10314.19,9980.8,-3.23,-3.63,H2_RSIMomentum,MARUTI,TRAIN
2023-12-12,2023-12-18,10304.49,10013.02,-2.83,-3.23,H2_RSIMomentum,MARUTI,TRAIN
2024-03-18,2024-03-22,11096.88,11971.16,7.88,7.48,H2_RSIMomentum,MARUTI,TRAIN
2024-04-15,2024-04-22,11837.07,12405.66,4.8,4.4,H2_RSIMomentum,MARUTI,TRAIN
2024-04-29,2024-05-06,12419.77,12069.74,-2.82,-3.22,H2_RSIMomentum,MARUTI,TRAIN
2024-05-03,2024-05-09,12437.14,12133.15,-2.44,-2.84,H2_RSIMomentum,MARUTI,TRAIN
2024-05-06,2024-05-10,12177.15,12298.92,1.0,0.6,H2_RSIMomentum,MARUTI,TRAIN
2024-05-21,2024-05-27,12225.81,12522.67,2.43,2.03,H2_RSIMomentum,MARUTI,TRAIN
2024-05-24,2024-05-30,12482.79,12223.73,-2.08,-2.48,H2_RSIMomentum,MARUTI,TRAIN
2024-06-19,2024-06-25,12235.37,11756.63,-3.91,-4.31,H2_RSIMomentum,MARUTI,TRAIN
2024-08-05,2024-08-09,12233.4,11973.06,-2.13,-2.53,H2_RSIMomentum,MARUTI,TRAIN
2024-10-04,2024-10-10,12429.2,12678.17,2.0,1.6,H2_RSIMomentum,MARUTI,TRAIN
2022-09-01,2022-09-07,731.0,752.82,2.99,2.59,H2_RSIMomentum,AXISBANK,TRAIN
2022-09-02,2022-09-08,746.45,777.09,4.11,3.71,H2_RSIMomentum,AXISBANK,TRAIN
2022-09-08,2022-09-14,759.15,800.31,5.42,5.02,H2_RSIMomentum,AXISBANK,TRAIN
2022-09-09,2022-09-15,785.26,787.31,0.26,-0.14,H2_RSIMomentum,AXISBANK,TRAIN
2022-11-11,2022-11-17,844.11,855.27,1.32,0.92,H2_RSIMomentum,AXISBANK,TRAIN
2022-11-14,2022-11-18,847.6,856.27,1.02,0.62,H2_RSIMomentum,AXISBANK,TRAIN
2022-12-30,2023-01-05,938.04,946.31,0.88,0.48,H2_RSIMomentum,AXISBANK,TRAIN
2023-07-12,2023-07-18,954.41,961.34,0.73,0.33,H2_RSIMomentum,AXISBANK,TRAIN
2023-07-14,2023-07-20,962.14,975.56,1.39,0.99,H2_RSIMomentum,AXISBANK,TRAIN
2023-07-19,2023-07-25,961.69,960.2,-0.16,-0.56,H2_RSIMomentum,AXISBANK,TRAIN
2023-07-21,2023-07-27,969.27,957.6,-1.2,-1.6,H2_RSIMomentum,AXISBANK,TRAIN
2023-07-26,2023-08-01,964.54,957.6,-0.72,-1.12,H2_RSIMomentum,AXISBANK,TRAIN
2023-07-28,2023-08-03,957.6,933.31,-2.54,-2.94,H2_RSIMomentum,AXISBANK,TRAIN
2023-10-16,2023-10-20,987.63,978.0,-0.97,-1.37,H2_RSIMomentum,AXISBANK,TRAIN
2023-12-29,2024-01-04,1098.81,1120.71,1.99,1.59,H2_RSIMomentum,AXISBANK,TRAIN
2024-01-04,2024-01-10,1100.36,1104.35,0.36,-0.04,H2_RSIMomentum,AXISBANK,TRAIN
2024-01-05,2024-01-11,1121.31,1123.06,0.16,-0.24,H2_RSIMomentum,AXISBANK,TRAIN
2024-01-19,2024-01-29,1104.5,1058.71,-4.15,-4.55,H2_RSIMomentum,AXISBANK,TRAIN
2024-01-23,2024-01-30,1123.2,1051.58,-6.38,-6.78,H2_RSIMomentum,AXISBANK,TRAIN
2024-01-24,2024-01-31,1032.32,1065.19,3.18,2.78,H2_RSIMomentum,AXISBANK,TRAIN
2024-02-23,2024-02-29,1096.37,1072.53,-2.17,-2.57,H2_RSIMomentum,AXISBANK,TRAIN
2024-06-06,2024-06-12,1189.25,1185.06,-0.35,-0.75,H2_RSIMomentum,AXISBANK,TRAIN
2024-06-20,2024-06-26,1227.16,1282.32,4.5,4.1,H2_RSIMomentum,AXISBANK,TRAIN
2022-09-01,2022-09-07,3183.27,3265.23,2.57,2.17,H2_RSIMomentum,ASIANPAINT,TRAIN
2022-09-02,2022-09-08,3350.36,3313.05,-1.11,-1.51,H2_RSIMomentum,ASIANPAINT,TRAIN
2022-09-19,2022-09-23,3188.7,3260.34,2.25,1.85,H2_RSIMomentum,ASIANPAINT,TRAIN
2023-07-26,2023-08-01,3291.24,3236.16,-1.67,-2.07,H2_RSIMomentum,ASIANPAINT,TRAIN
2024-06-13,2024-06-20,2867.86,2854.64,-0.46,-0.86,H2_RSIMomentum,ASIANPAINT,TRAIN
2024-06-24,2024-06-28,2822.82,2856.16,1.18,0.78,H2_RSIMomentum,ASIANPAINT,TRAIN
2024-07-19,2024-07-25,2863.94,2840.84,-0.81,-1.21,H2_RSIMomentum,ASIANPAINT,TRAIN
2024-07-22,2024-07-26,2875.69,2888.57,0.45,0.05,H2_RSIMomentum,ASIANPAINT,TRAIN
2021-11-09,2021-11-15,2488.03,2498.31,0.41,0.01,H2_RSIMomentum,TITAN,TRAIN
2022-10-07,2022-10-13,2655.83,2565.64,-3.4,-3.8,H2_RSIMomentum,TITAN,TRAIN
2022-10-10,2022-10-14,2675.58,2584.55,-3.4,-3.8,H2_RSIMomentum,TITAN,TRAIN
2022-12-01,2022-12-07,2628.19,2563.87,-2.45,-2.85,H2_RSIMomentum,TITAN,TRAIN
2023-05-31,2023-06-06,2766.91,2844.85,2.82,2.42,H2_RSIMomentum,TITAN,TRAIN
2023-07-19,2023-07-25,2981.5,3000.22,0.63,0.23,H2_RSIMomentum,TITAN,TRAIN
2023-08-14,2023-08-21,2991.65,3049.05,1.92,1.52,H2_RSIMomentum,TITAN,TRAIN
2023-09-28,2023-10-05,3186.93,3185.94,-0.03,-0.43,H2_RSIMomentum,TITAN,TRAIN
2024-01-19,2024-01-29,3706.64,3829.91,3.33,2.93,H2_RSIMomentum,TITAN,TRAIN
2024-01-24,2024-01-31,3728.23,3662.42,-1.77,-2.17,H2_RSIMomentum,TITAN,TRAIN
2024-02-01,2024-02-07,3702.48,3542.52,-4.32,-4.72,H2_RSIMomentum,TITAN,TRAIN
2024-02-02,2024-02-08,3600.46,3515.38,-2.36,-2.76,H2_RSIMomentum,TITAN,TRAIN
2024-03-01,2024-03-07,3595.51,3750.92,4.32,3.92,H2_RSIMomentum,TITAN,TRAIN
2024-03-26,2024-04-02,3630.17,3720.26,2.48,2.08,H2_RSIMomentum,TITAN,TRAIN
2024-03-27,2024-04-03,3663.85,3677.22,0.36,-0.04,H2_RSIMomentum,TITAN,TRAIN
2024-03-28,2024-04-04,3724.27,3746.81,0.61,0.21,H2_RSIMomentum,TITAN,TRAIN
2024-04-01,2024-04-05,3786.62,3718.77,-1.79,-2.19,H2_RSIMomentum,TITAN,TRAIN
2024-09-27,2024-10-04,3750.37,3647.12,-2.75,-3.15,H2_RSIMomentum,TITAN,TRAIN
2024-10-04,2024-10-10,3602.3,3425.67,-4.9,-5.3,H2_RSIMomentum,TITAN,TRAIN
2023-05-23,2023-05-29,183.58,184.88,0.71,0.31,H2_RSIMomentum,WIPRO,TRAIN
2023-06-12,2023-06-16,184.88,176.32,-4.63,-5.03,H2_RSIMomentum,WIPRO,TRAIN
2023-06-13,2023-06-19,184.02,175.79,-4.47,-4.87,H2_RSIMomentum,WIPRO,TRAIN
2023-06-14,2023-06-20,183.26,176.88,-3.48,-3.88,H2_RSIMomentum,WIPRO,TRAIN
2023-06-15,2023-06-21,183.63,178.26,-2.92,-3.32,H2_RSIMomentum,WIPRO,TRAIN
2023-08-09,2023-08-16,192.14,193.59,0.76,0.36,H2_RSIMomentum,WIPRO,TRAIN
2023-09-25,2023-09-29,193.52,187.77,-2.97,-3.37,H2_RSIMomentum,WIPRO,TRAIN
2023-10-12,2023-10-18,195.03,188.41,-3.39,-3.79,H2_RSIMomentum,WIPRO,TRAIN
2024-01-15,2024-01-19,236.74,224.3,-5.25,-5.65,H2_RSIMomentum,WIPRO,TRAIN
2024-02-07,2024-02-13,232.14,237.08,2.13,1.73,H2_RSIMomentum,WIPRO,TRAIN
2024-02-13,2024-02-19,233.14,248.36,6.53,6.13,H2_RSIMomentum,WIPRO,TRAIN
2024-08-19,2024-08-23,239.12,237.45,-0.7,-1.1,H2_RSIMomentum,WIPRO,TRAIN
2024-09-20,2024-09-26,249.27,251.12,0.74,0.34,H2_RSIMomentum,WIPRO,TRAIN
2024-10-15,2024-10-21,256.2,253.99,-0.86,-1.26,H2_RSIMomentum,WIPRO,TRAIN
2024-10-16,2024-10-22,247.0,252.77,2.34,1.94,H2_RSIMomentum,WIPRO,TRAIN
2022-09-01,2022-09-07,6388.22,6524.87,2.14,1.74,H2_RSIMomentum,ULTRACEMCO,TRAIN
2022-09-08,2022-09-14,6595.42,6626.01,0.46,0.06,H2_RSIMomentum,ULTRACEMCO,TRAIN
2022-09-09,2022-09-15,6678.29,6543.42,-2.02,-2.42,H2_RSIMomentum,ULTRACEMCO,TRAIN
2022-09-12,2022-09-16,6537.26,6245.99,-4.46,-4.86,H2_RSIMomentum,ULTRACEMCO,TRAIN
2022-09-19,2022-09-23,6162.72,5916.94,-3.99,-4.39,H2_RSIMomentum,ULTRACEMCO,TRAIN
2022-12-21,2022-12-27,6871.51,6849.06,-0.33,-0.73,H2_RSIMomentum,ULTRACEMCO,TRAIN
2022-12-30,2023-01-05,6745.75,6752.5,0.1,-0.3,H2_RSIMomentum,ULTRACEMCO,TRAIN
2023-05-02,2023-05-08,7271.44,7454.49,2.52,2.12,H2_RSIMomentum,ULTRACEMCO,TRAIN
2023-05-31,2023-06-06,7608.24,7815.0,2.72,2.32,H2_RSIMomentum,ULTRACEMCO,TRAIN
2023-06-01,2023-06-07,7585.11,7861.3,3.64,3.24,H2_RSIMomentum,ULTRACEMCO,TRAIN
2023-07-10,2023-07-14,8046.72,7885.35,-2.01,-2.41,H2_RSIMomentum,ULTRACEMCO,TRAIN
2023-07-13,2023-07-19,7967.69,8026.67,0.74,0.34,H2_RSIMomentum,ULTRACEMCO,TRAIN
2023-07-26,2023-08-01,8110.22,8017.47,-1.14,-1.54,H2_RSIMomentum,ULTRACEMCO,TRAIN
2023-08-04,2023-08-10,7916.98,7843.6,-0.93,-1.33,H2_RSIMomentum,ULTRACEMCO,TRAIN
2023-09-22,2023-09-28,8010.89,7894.09,-1.46,-1.86,H2_RSIMomentum,ULTRACEMCO,TRAIN
2023-11-24,2023-12-01,8362.3,8745.51,4.58,4.18,H2_RSIMomentum,ULTRACEMCO,TRAIN
2023-11-29,2023-12-05,8480.31,9031.97,6.51,6.11,H2_RSIMomentum,ULTRACEMCO,TRAIN
2024-01-31,2024-02-06,9642.11,9728.02,0.89,0.49,H2_RSIMomentum,ULTRACEMCO,TRAIN
2024-02-02,2024-02-08,9680.83,9678.55,-0.02,-0.42,H2_RSIMomentum,ULTRACEMCO,TRAIN
2024-02-12,2024-02-16,9633.39,9599.7,-0.35,-0.75,H2_RSIMomentum,ULTRACEMCO,TRAIN
2024-02-15,2024-02-21,9521.97,9650.24,1.35,0.95,H2_RSIMomentum,ULTRACEMCO,TRAIN
2024-02-16,2024-02-22,9559.87,9643.27,0.87,0.47,H2_RSIMomentum,ULTRACEMCO,TRAIN
2024-03-04,2024-03-11,9832.82,9388.37,-4.52,-4.92,H2_RSIMomentum,ULTRACEMCO,TRAIN
2024-05-06,2024-05-10,9559.82,9188.75,-3.88,-4.28,H2_RSIMomentum,ULTRACEMCO,TRAIN
2024-05-24,2024-05-30,9840.56,9553.86,-2.91,-3.31,H2_RSIMomentum,ULTRACEMCO,TRAIN
2024-07-19,2024-07-25,11273.33,11076.32,-1.75,-2.15,H2_RSIMomentum,ULTRACEMCO,TRAIN
2024-07-30,2024-08-05,11547.6,11118.39,-3.72,-4.12,H2_RSIMomentum,ULTRACEMCO,TRAIN
2024-08-19,2024-08-23,11023.69,11044.92,0.19,-0.21,H2_RSIMomentum,ULTRACEMCO,TRAIN
2024-08-30,2024-09-05,10931.22,11240.51,2.83,2.43,H2_RSIMomentum,ULTRACEMCO,TRAIN
2024-09-02,2024-09-06,11028.56,11133.58,0.95,0.55,H2_RSIMomentum,ULTRACEMCO,TRAIN
2024-10-01,2024-10-08,11493.07,11091.66,-3.49,-3.89,H2_RSIMomentum,ULTRACEMCO,TRAIN
2023-05-02,2023-05-08,157.51,161.52,2.55,2.15,H2_RSIMomentum,NTPC,TRAIN
2023-05-23,2023-05-29,159.61,160.84,0.77,0.37,H2_RSIMomentum,NTPC,TRAIN
2023-05-30,2023-06-05,161.48,158.83,-1.64,-2.04,H2_RSIMomentum,NTPC,TRAIN
2023-07-20,2023-07-26,175.8,183.92,4.62,4.22,H2_RSIMomentum,NTPC,TRAIN
2023-10-03,2023-10-09,226.04,217.11,-3.95,-4.35,H2_RSIMomentum,NTPC,TRAIN
2024-01-08,2024-01-12,295.56,292.01,-1.2,-1.6,H2_RSIMomentum,NTPC,TRAIN
2024-01-23,2024-01-30,292.76,294.63,0.64,0.24,H2_RSIMomentum,NTPC,TRAIN
2024-01-24,2024-01-31,282.95,296.54,4.8,4.4,H2_RSIMomentum,NTPC,TRAIN
2024-01-25,2024-02-01,289.54,300.75,3.87,3.47,H2_RSIMomentum,NTPC,TRAIN
2024-01-29,2024-02-02,296.82,310.55,4.63,4.23,H2_RSIMomentum,NTPC,TRAIN
2024-01-30,2024-02-05,300.61,313.92,4.43,4.03,H2_RSIMomentum,NTPC,TRAIN
2024-03-22,2024-04-01,306.04,322.88,5.5,5.1,H2_RSIMomentum,NTPC,TRAIN
2024-04-23,2024-04-29,326.32,342.35,4.91,4.51,H2_RSIMomentum,NTPC,TRAIN
2024-05-03,2024-05-09,351.12,326.37,-7.05,-7.45,H2_RSIMomentum,NTPC,TRAIN
2024-05-06,2024-05-10,346.88,335.28,-3.34,-3.74,H2_RSIMomentum,NTPC,TRAIN
2024-05-28,2024-06-03,351.41,369.51,5.15,4.75,H2_RSIMomentum,NTPC,TRAIN
2024-05-30,2024-06-05,343.29,321.6,-6.32,-6.72,H2_RSIMomentum,NTPC,TRAIN
2024-06-03,2024-06-07,363.1,340.09,-6.34,-6.74,H2_RSIMomentum,NTPC,TRAIN
2024-07-24,2024-07-30,362.25,383.8,5.95,5.55,H2_RSIMomentum,NTPC,TRAIN
2024-09-02,2024-09-06,397.14,375.28,-5.51,-5.91,H2_RSIMomentum,NTPC,TRAIN
2024-09-09,2024-09-13,371.86,381.56,2.61,2.21,H2_RSIMomentum,NTPC,TRAIN
2024-09-11,2024-09-17,379.27,395.72,4.34,3.94,H2_RSIMomentum,NTPC,TRAIN
2024-09-13,2024-09-19,384.83,402.99,4.72,4.32,H2_RSIMomentum,NTPC,TRAIN
2024-09-20,2024-09-26,406.89,413.11,1.53,1.13,H2_RSIMomentum,NTPC,TRAIN
2024-09-23,2024-09-27,406.37,415.3,2.2,1.8,H2_RSIMomentum,NTPC,TRAIN
2021-11-16,2021-11-23,110.98,118.52,6.8,6.4,H2_RSIMomentum,POWERGRID,TRAIN
2021-11-17,2021-11-24,109.8,119.38,8.72,8.32,H2_RSIMomentum,POWERGRID,TRAIN
2022-09-02,2022-09-08,143.51,141.55,-1.36,-1.76,H2_RSIMomentum,POWERGRID,TRAIN
2022-09-06,2022-09-12,141.3,141.27,-0.02,-0.42,H2_RSIMomentum,POWERGRID,TRAIN
2022-09-07,2022-09-13,140.7,143.07,1.68,1.28,H2_RSIMomentum,POWERGRID,TRAIN
2022-09-15,2022-09-21,147.26,143.22,-2.74,-3.14,H2_RSIMomentum,POWERGRID,TRAIN
2022-09-19,2022-09-23,148.84,127.77,-14.16,-14.56,H2_RSIMomentum,POWERGRID,TRAIN
2022-09-21,2022-09-27,147.51,129.22,-12.4,-12.8,H2_RSIMomentum,POWERGRID,TRAIN
2023-05-18,2023-05-24,159.33,155.9,-2.16,-2.56,H2_RSIMomentum,POWERGRID,TRAIN
2023-05-19,2023-05-25,155.8,157.32,0.98,0.58,H2_RSIMomentum,POWERGRID,TRAIN
2023-05-23,2023-05-29,154.74,155.04,0.19,-0.21,H2_RSIMomentum,POWERGRID,TRAIN
2023-05-24,2023-05-30,157.22,155.43,-1.14,-1.54,H2_RSIMomentum,POWERGRID,TRAIN
2023-05-26,2023-06-01,157.25,154.05,-2.04,-2.44,H2_RSIMomentum,POWERGRID,TRAIN
2023-07-11,2023-07-17,166.61,159.33,-4.37,-4.77,H2_RSIMomentum,POWERGRID,TRAIN
2023-08-02,2023-08-08,167.2,162.78,-2.64,-3.04,H2_RSIMomentum,POWERGRID,TRAIN
2023-08-14,2023-08-21,165.04,166.63,0.96,0.56,H2_RSIMomentum,POWERGRID,TRAIN
2023-08-25,2023-08-31,165.92,164.84,-0.65,-1.05,H2_RSIMomentum,POWERGRID,TRAIN
2023-09-13,2023-09-20,173.64,183.93,5.93,5.53,H2_RSIMomentum,POWERGRID,TRAIN
2023-10-13,2023-10-19,180.15,184.96,2.67,2.27,H2_RSIMomentum,POWERGRID,TRAIN
2023-12-29,2024-01-04,217.87,221.21,1.53,1.13,H2_RSIMomentum,POWERGRID,TRAIN
2024-01-19,2024-01-29,215.3,232.66,8.06,7.66,H2_RSIMomentum,POWERGRID,TRAIN
2024-01-23,2024-01-30,220.8,232.8,5.44,5.04,H2_RSIMomentum,POWERGRID,TRAIN
2024-01-24,2024-01-31,216.35,237.56,9.8,9.4,H2_RSIMomentum,POWERGRID,TRAIN
2024-01-29,2024-02-02,224.87,253.87,12.89,12.49,H2_RSIMomentum,POWERGRID,TRAIN
2024-03-01,2024-03-07,265.47,272.6,2.68,2.28,H2_RSIMomentum,POWERGRID,TRAIN
2024-05-24,2024-05-30,296.21,285.69,-3.55,-3.95,H2_RSIMomentum,POWERGRID,TRAIN
2024-05-31,2024-06-06,287.41,279.87,-2.63,-3.03,H2_RSIMomentum,POWERGRID,TRAIN
2024-06-03,2024-06-07,312.05,288.16,-7.66,-8.06,H2_RSIMomentum,POWERGRID,TRAIN
2024-06-06,2024-06-12,282.61,302.41,7.0,6.6,H2_RSIMomentum,POWERGRID,TRAIN
2024-06-07,2024-06-13,277.63,299.43,7.85,7.45,H2_RSIMomentum,POWERGRID,TRAIN
2024-06-10,2024-06-14,291.56,299.47,2.72,2.32,H2_RSIMomentum,POWERGRID,TRAIN
2024-07-24,2024-07-30,308.23,325.84,5.71,5.31,H2_RSIMomentum,POWERGRID,TRAIN
2024-07-26,2024-08-01,317.03,336.36,6.1,5.7,H2_RSIMomentum,POWERGRID,TRAIN
2024-07-30,2024-08-05,321.36,319.31,-0.64,-1.04,H2_RSIMomentum,POWERGRID,TRAIN
2024-07-31,2024-08-06,324.39,317.41,-2.15,-2.55,H2_RSIMomentum,POWERGRID,TRAIN
2024-08-01,2024-08-07,327.09,327.93,0.26,-0.14,H2_RSIMomentum,POWERGRID,TRAIN
2024-08-30,2024-09-05,314.64,311.12,-1.12,-1.52,H2_RSIMomentum,POWERGRID,TRAIN
2024-09-02,2024-09-06,317.84,309.76,-2.54,-2.94,H2_RSIMomentum,POWERGRID,TRAIN
2024-09-11,2024-09-17,316.43,316.43,-0.0,-0.4,H2_RSIMomentum,POWERGRID,TRAIN
2024-09-13,2024-09-19,319.15,314.55,-1.44,-1.84,H2_RSIMomentum,POWERGRID,TRAIN
2024-09-23,2024-09-27,321.22,332.72,3.58,3.18,H2_RSIMomentum,POWERGRID,TRAIN
2024-12-04,2024-12-10,313.49,312.4,-0.35,-0.75,H2_RSIMomentum,POWERGRID,TRAIN
2022-09-01,2022-09-07,942.01,917.11,-2.64,-3.04,H2_RSIMomentum,NESTLEIND,TRAIN
2022-09-02,2022-09-08,944.51,914.45,-3.18,-3.58,H2_RSIMomentum,NESTLEIND,TRAIN
2022-11-30,2022-12-06,967.87,957.77,-1.04,-1.44,H2_RSIMomentum,NESTLEIND,TRAIN
2022-12-01,2022-12-07,971.18,957.76,-1.38,-1.78,H2_RSIMomentum,NESTLEIND,TRAIN
2022-12-06,2022-12-12,949.59,985.49,3.78,3.38,H2_RSIMomentum,NESTLEIND,TRAIN
2023-07-07,2023-07-13,1119.39,1103.23,-1.44,-1.84,H2_RSIMomentum,NESTLEIND,TRAIN
2023-07-12,2023-07-18,1108.94,1110.79,0.17,-0.23,H2_RSIMomentum,NESTLEIND,TRAIN
2023-07-26,2023-08-01,1101.78,1092.25,-0.87,-1.27,H2_RSIMomentum,NESTLEIND,TRAIN
2023-07-31,2023-08-04,1094.97,1085.52,-0.86,-1.26,H2_RSIMomentum,NESTLEIND,TRAIN
2023-08-03,2023-08-09,1106.47,1074.11,-2.93,-3.33,H2_RSIMomentum,NESTLEIND,TRAIN
2023-10-17,2023-10-23,1118.18,1169.79,4.62,4.22,H2_RSIMomentum,NESTLEIND,TRAIN
2023-11-29,2023-12-05,1177.72,1196.58,1.6,1.2,H2_RSIMomentum,NESTLEIND,TRAIN
2023-12-01,2023-12-07,1183.51,1214.4,2.61,2.21,H2_RSIMomentum,NESTLEIND,TRAIN
2023-12-05,2023-12-11,1188.91,1217.71,2.42,2.02,H2_RSIMomentum,NESTLEIND,TRAIN
2023-12-15,2023-12-21,1208.31,1221.23,1.07,0.67,H2_RSIMomentum,NESTLEIND,TRAIN
2023-12-18,2023-12-22,1188.86,1233.52,3.76,3.36,H2_RSIMomentum,NESTLEIND,TRAIN
2024-03-14,2024-03-20,1262.92,1243.53,-1.53,-1.93,H2_RSIMomentum,NESTLEIND,TRAIN
2024-03-15,2024-03-21,1276.06,1245.19,-2.42,-2.82,H2_RSIMomentum,NESTLEIND,TRAIN
2024-03-18,2024-03-22,1269.57,1254.82,-1.16,-1.56,H2_RSIMomentum,NESTLEIND,TRAIN
2024-04-04,2024-04-10,1253.07,1232.49,-1.64,-2.04,H2_RSIMomentum,NESTLEIND,TRAIN
2024-04-05,2024-04-12,1255.6,1236.68,-1.51,-1.91,H2_RSIMomentum,NESTLEIND,TRAIN
2024-07-01,2024-07-05,1248.19,1255.19,0.56,0.16,H2_RSIMomentum,NESTLEIND,TRAIN
2024-07-25,2024-07-31,1246.26,1202.94,-3.48,-3.88,H2_RSIMomentum,NESTLEIND,TRAIN
2024-09-13,2024-09-19,1239.01,1290.04,4.12,3.72,H2_RSIMomentum,NESTLEIND,TRAIN
2022-09-01,2022-09-07,859.49,860.21,0.08,-0.32,H2_RSIMomentum,SUNPHARMA,TRAIN
2022-09-21,2022-09-27,884.08,863.48,-2.33,-2.73,H2_RSIMomentum,SUNPHARMA,TRAIN
2022-12-08,2022-12-14,976.91,962.71,-1.45,-1.85,H2_RSIMomentum,SUNPHARMA,TRAIN
2023-06-23,2023-06-30,963.88,1019.74,5.79,5.39,H2_RSIMomentum,SUNPHARMA,TRAIN
2023-06-28,2023-07-05,964.85,1013.05,4.99,4.59,H2_RSIMomentum,SUNPHARMA,TRAIN
2023-08-24,2023-08-30,1093.41,1084.94,-0.77,-1.17,H2_RSIMomentum,SUNPHARMA,TRAIN
2023-09-07,2023-09-13,1109.37,1117.88,0.77,0.37,H2_RSIMomentum,SUNPHARMA,TRAIN
2023-10-19,2023-10-26,1116.57,1074.04,-3.81,-4.21,H2_RSIMomentum,SUNPHARMA,TRAIN
2023-12-13,2023-12-19,1185.56,1211.5,2.19,1.79,H2_RSIMomentum,SUNPHARMA,TRAIN
2024-03-04,2024-03-11,1517.49,1559.62,2.78,2.38,H2_RSIMomentum,SUNPHARMA,TRAIN
2024-03-14,2024-03-20,1533.83,1516.31,-1.14,-1.54,H2_RSIMomentum,SUNPHARMA,TRAIN
2024-03-15,2024-03-21,1535.3,1531.83,-0.23,-0.63,H2_RSIMomentum,SUNPHARMA,TRAIN
2024-03-18,2024-03-22,1515.24,1574.59,3.92,3.52,H2_RSIMomentum,SUNPHARMA,TRAIN
2024-03-27,2024-04-03,1567.84,1585.31,1.11,0.71,H2_RSIMomentum,SUNPHARMA,TRAIN
2024-04-01,2024-04-05,1596.81,1574.69,-1.39,-1.79,H2_RSIMomentum,SUNPHARMA,TRAIN
2024-04-15,2024-04-22,1485.24,1507.26,1.48,1.08,H2_RSIMomentum,SUNPHARMA,TRAIN
2022-09-01,2022-09-07,922.36,922.23,-0.01,-0.41,H2_RSIMomentum,TECHM,TRAIN
2022-09-15,2022-09-21,978.53,925.99,-5.37,-5.77,H2_RSIMomentum,TECHM,TRAIN
2022-11-14,2022-11-18,943.73,942.71,-0.11,-0.51,H2_RSIMomentum,TECHM,TRAIN
2023-06-07,2023-06-13,973.05,959.19,-1.42,-1.82,H2_RSIMomentum,TECHM,TRAIN
2023-06-21,2023-06-27,984.03,995.0,1.12,0.72,H2_RSIMomentum,TECHM,TRAIN
2023-06-26,2023-07-03,988.34,996.56,0.83,0.43,H2_RSIMomentum,TECHM,TRAIN
2023-08-01,2023-08-07,1021.35,1079.4,5.68,5.28,H2_RSIMomentum,TECHM,TRAIN
2023-08-09,2023-08-16,1100.65,1119.7,1.73,1.33,H2_RSIMomentum,TECHM,TRAIN
2023-12-14,2023-12-20,1138.37,1150.9,1.1,0.7,H2_RSIMomentum,TECHM,TRAIN
2023-12-21,2023-12-28,1135.6,1185.33,4.38,3.98,H2_RSIMomentum,TECHM,TRAIN
2023-12-22,2023-12-29,1161.41,1173.07,1.0,0.6,H2_RSIMomentum,TECHM,TRAIN
2024-01-05,2024-01-11,1156.71,1151.64,-0.44,-0.84,H2_RSIMomentum,TECHM,TRAIN
2024-01-15,2024-01-19,1230.54,1281.15,4.11,3.71,H2_RSIMomentum,TECHM,TRAIN
2024-06-07,2024-06-13,1225.93,1280.27,4.43,4.03,H2_RSIMomentum,TECHM,TRAIN
2024-08-05,2024-08-09,1380.08,1414.54,2.5,2.1,H2_RSIMomentum,TECHM,TRAIN
2024-08-08,2024-08-14,1380.08,1431.15,3.7,3.3,H2_RSIMomentum,TECHM,TRAIN
2024-08-19,2024-08-23,1490.72,1500.63,0.66,0.26,H2_RSIMomentum,TECHM,TRAIN
2024-09-11,2024-09-17,1513.4,1550.53,2.45,2.05,H2_RSIMomentum,TECHM,TRAIN
2024-09-13,2024-09-19,1548.98,1497.76,-3.31,-3.71,H2_RSIMomentum,TECHM,TRAIN
2024-09-19,2024-09-25,1520.91,1504.71,-1.06,-1.46,H2_RSIMomentum,TECHM,TRAIN
2024-09-20,2024-09-26,1509.64,1508.65,-0.07,-0.47,H2_RSIMomentum,TECHM,TRAIN
2024-09-23,2024-09-27,1525.55,1510.81,-0.97,-1.37,H2_RSIMomentum,TECHM,TRAIN
2024-09-26,2024-10-03,1511.52,1505.93,-0.37,-0.77,H2_RSIMomentum,TECHM,TRAIN
2024-09-30,2024-10-07,1507.76,1519.54,0.78,0.38,H2_RSIMomentum,TECHM,TRAIN
2024-10-01,2024-10-08,1483.35,1529.45,3.11,2.71,H2_RSIMomentum,TECHM,TRAIN
2024-10-03,2024-10-09,1516.21,1557.33,2.71,2.31,H2_RSIMomentum,TECHM,TRAIN
2021-11-11,2021-11-17,1646.32,1702.65,3.42,3.02,H2_RSIMomentum,ADANIENT,TRAIN
2022-12-07,2022-12-13,4023.68,4052.83,0.72,0.32,H2_RSIMomentum,ADANIENT,TRAIN
2022-12-22,2022-12-28,3940.83,3790.8,-3.81,-4.21,H2_RSIMomentum,ADANIENT,TRAIN
2023-06-23,2023-06-30,2387.96,2383.71,-0.18,-0.58,H2_RSIMomentum,ADANIENT,TRAIN
2023-06-30,2023-07-06,2433.52,2398.54,-1.44,-1.84,H2_RSIMomentum,ADANIENT,TRAIN
2023-08-09,2023-08-16,2485.03,2441.84,-1.74,-2.14,H2_RSIMomentum,ADANIENT,TRAIN
2023-08-16,2023-08-22,2446.73,2694.45,10.12,9.72,H2_RSIMomentum,ADANIENT,TRAIN
2023-08-17,2023-08-23,2451.68,2526.93,3.07,2.67,H2_RSIMomentum,ADANIENT,TRAIN
2023-08-18,2023-08-24,2474.2,2536.17,2.5,2.1,H2_RSIMomentum,ADANIENT,TRAIN
2023-09-12,2023-09-18,2618.96,2499.11,-4.58,-4.98,H2_RSIMomentum,ADANIENT,TRAIN
2023-10-13,2023-10-19,2485.58,2399.0,-3.48,-3.88,H2_RSIMomentum,ADANIENT,TRAIN
2024-01-04,2024-01-10,3035.35,3094.07,1.93,1.53,H2_RSIMomentum,ADANIENT,TRAIN
2024-01-30,2024-02-05,3076.89,3169.22,3.0,2.6,H2_RSIMomentum,ADANIENT,TRAIN
2024-02-02,2024-02-08,3180.71,3164.38,-0.51,-0.91,H2_RSIMomentum,ADANIENT,TRAIN
2024-03-07,2024-03-14,3235.68,3083.34,-4.71,-5.11,H2_RSIMomentum,ADANIENT,TRAIN
2024-03-18,2024-03-22,3046.04,3103.56,1.89,1.49,H2_RSIMomentum,ADANIENT,TRAIN
2024-04-01,2024-04-05,3225.9,3220.5,-0.17,-0.57,H2_RSIMomentum,ADANIENT,TRAIN
2024-06-07,2024-06-13,3166.17,3220.5,1.72,1.32,H2_RSIMomentum,ADANIENT,TRAIN
2023-05-04,2023-05-10,656.71,677.29,3.13,2.73,H2_RSIMomentum,ADANIPORTS,TRAIN
2023-05-22,2023-05-26,685.03,712.43,4.0,3.6,H2_RSIMomentum,ADANIPORTS,TRAIN
2023-06-01,2023-06-07,716.01,728.99,1.81,1.41,H2_RSIMomentum,ADANIPORTS,TRAIN
2023-06-21,2023-06-27,725.22,705.96,-2.66,-3.06,H2_RSIMomentum,ADANIPORTS,TRAIN
2023-06-23,2023-06-30,726.3,724.58,-0.24,-0.64,H2_RSIMomentum,ADANIPORTS,TRAIN
2023-06-30,2023-07-06,737.86,725.37,-1.69,-2.09,H2_RSIMomentum,ADANIPORTS,TRAIN
2023-07-27,2023-08-02,738.94,751.36,1.68,1.28,H2_RSIMomentum,ADANIPORTS,TRAIN
2023-09-04,2023-09-08,796.85,814.07,2.16,1.76,H2_RSIMomentum,ADANIPORTS,TRAIN
2023-09-05,2023-09-11,794.33,870.76,9.62,9.22,H2_RSIMomentum,ADANIPORTS,TRAIN
2023-09-12,2023-09-18,877.71,820.23,-6.55,-6.95,H2_RSIMomentum,ADANIPORTS,TRAIN
2023-10-11,2023-10-17,816.44,794.43,-2.7,-3.1,H2_RSIMomentum,ADANIPORTS,TRAIN
2023-11-22,2023-11-29,793.35,824.48,3.92,3.52,H2_RSIMomentum,ADANIPORTS,TRAIN
2023-12-01,2023-12-07,828.08,1025.87,23.89,23.49,H2_RSIMomentum,ADANIPORTS,TRAIN
2024-01-04,2024-01-10,1102.2,1198.26,8.72,8.32,H2_RSIMomentum,ADANIPORTS,TRAIN
2024-01-25,2024-02-01,1107.28,1202.7,8.62,8.22,H2_RSIMomentum,ADANIPORTS,TRAIN
2024-03-15,2024-03-21,1256.92,1245.72,-0.89,-1.29,H2_RSIMomentum,ADANIPORTS,TRAIN
2024-03-18,2024-03-22,1233.44,1264.62,2.53,2.13,H2_RSIMomentum,ADANIPORTS,TRAIN
2024-03-28,2024-04-04,1316.32,1348.74,2.46,2.06,H2_RSIMomentum,ADANIPORTS,TRAIN
2024-04-03,2024-04-09,1381.3,1338.52,-3.1,-3.5,H2_RSIMomentum,ADANIPORTS,TRAIN
2024-04-23,2024-04-29,1303.59,1299.79,-0.29,-0.69,H2_RSIMomentum,ADANIPORTS,TRAIN
2024-05-03,2024-05-09,1335.07,1228.06,-8.02,-8.42,H2_RSIMomentum,ADANIPORTS,TRAIN
2024-05-17,2024-05-24,1312.38,1397.33,6.47,6.07,H2_RSIMomentum,ADANIPORTS,TRAIN
2024-06-06,2024-06-12,1365.66,1375.48,0.72,0.32,H2_RSIMomentum,ADANIPORTS,TRAIN
2024-06-07,2024-06-13,1339.71,1385.84,3.44,3.04,H2_RSIMomentum,ADANIPORTS,TRAIN
2024-06-24,2024-06-28,1461.55,1464.77,0.22,-0.18,H2_RSIMomentum,ADANIPORTS,TRAIN
2024-07-24,2024-07-30,1494.4,1532.31,2.54,2.14,H2_RSIMomentum,ADANIPORTS,TRAIN
2024-08-06,2024-08-12,1511.15,1487.86,-1.54,-1.94,H2_RSIMomentum,ADANIPORTS,TRAIN
2024-08-13,2024-08-20,1492.27,1479.09,-0.88,-1.28,H2_RSIMomentum,ADANIPORTS,TRAIN
2022-09-15,2022-09-21,98.75,94.93,-3.87,-4.27,H2_RSIMomentum,TATASTEEL,TRAIN
2022-09-19,2022-09-23,96.52,94.8,-1.79,-2.19,H2_RSIMomentum,TATASTEEL,TRAIN
2022-11-22,2022-11-28,94.89,95.34,0.48,0.08,H2_RSIMomentum,TATASTEEL,TRAIN
2023-01-04,2023-01-10,107.93,108.02,0.08,-0.32,H2_RSIMomentum,TATASTEEL,TRAIN
2023-08-24,2023-08-30,112.16,114.6,2.18,1.78,H2_RSIMomentum,TATASTEEL,TRAIN
2023-08-30,2023-09-05,113.1,123.61,9.29,8.89,H2_RSIMomentum,TATASTEEL,TRAIN
2023-08-31,2023-09-06,115.3,121.64,5.49,5.09,H2_RSIMomentum,TATASTEEL,TRAIN
2024-01-04,2024-01-10,127.64,125.86,-1.4,-1.8,H2_RSIMomentum,TATASTEEL,TRAIN
2024-01-08,2024-01-12,126.99,126.99,-0.0,-0.4,H2_RSIMomentum,TATASTEEL,TRAIN
2024-01-17,2024-01-24,127.13,126.85,-0.22,-0.62,H2_RSIMomentum,TATASTEEL,TRAIN
2024-01-29,2024-02-02,126.42,130.18,2.97,2.57,H2_RSIMomentum,TATASTEEL,TRAIN
2024-02-05,2024-02-09,131.4,132.62,0.93,0.53,H2_RSIMomentum,TATASTEEL,TRAIN
2024-02-06,2024-02-12,134.21,128.96,-3.92,-4.32,H2_RSIMomentum,TATASTEEL,TRAIN
2024-03-14,2024-03-20,134.78,136.7,1.43,1.03,H2_RSIMomentum,TATASTEEL,TRAIN
2024-03-15,2024-03-21,134.12,140.88,5.04,4.64,H2_RSIMomentum,TATASTEEL,TRAIN
2024-03-18,2024-03-22,133.79,142.47,6.49,6.09,H2_RSIMomentum,TATASTEEL,TRAIN
2024-03-19,2024-03-26,139.84,143.04,2.28,1.88,H2_RSIMomentum,TATASTEEL,TRAIN
2024-03-22,2024-04-01,139.84,153.13,9.5,9.1,H2_RSIMomentum,TATASTEEL,TRAIN
2024-05-03,2024-05-09,158.57,151.95,-4.17,-4.57,H2_RSIMomentum,TATASTEEL,TRAIN
2024-05-31,2024-06-06,155.85,161.48,3.61,3.21,H2_RSIMomentum,TATASTEEL,TRAIN
2024-06-03,2024-06-07,162.6,167.91,3.26,2.86,H2_RSIMomentum,TATASTEEL,TRAIN
2024-06-10,2024-06-14,169.14,171.9,1.63,1.23,H2_RSIMomentum,TATASTEEL,TRAIN
2024-06-11,2024-06-18,169.41,169.99,0.34,-0.06,H2_RSIMomentum,TATASTEEL,TRAIN
2022-09-06,2022-09-12,668.21,673.06,0.73,0.33,H2_RSIMomentum,JSWSTEEL,TRAIN
2022-09-07,2022-09-13,664.29,677.08,1.92,1.52,H2_RSIMomentum,JSWSTEEL,TRAIN
2022-09-12,2022-09-16,673.06,671.99,-0.16,-0.56,H2_RSIMomentum,JSWSTEEL,TRAIN
2022-10-07,2022-10-13,657.83,635.24,-3.43,-3.83,H2_RSIMomentum,JSWSTEEL,TRAIN
2022-11-29,2022-12-05,700.06,741.3,5.89,5.49,H2_RSIMomentum,JSWSTEEL,TRAIN
2023-07-24,2023-07-28,776.31,791.21,1.92,1.52,H2_RSIMomentum,JSWSTEEL,TRAIN
2023-09-04,2023-09-08,798.89,802.63,0.47,0.07,H2_RSIMomentum,JSWSTEEL,TRAIN
2023-09-05,2023-09-11,795.93,810.99,1.89,1.49,H2_RSIMomentum,JSWSTEEL,TRAIN
2023-09-13,2023-09-20,804.84,774.09,-3.82,-4.22,H2_RSIMomentum,JSWSTEEL,TRAIN
2024-01-04,2024-01-10,826.73,816.45,-1.24,-1.64,H2_RSIMomentum,JSWSTEEL,TRAIN
2024-02-05,2024-02-09,810.89,798.69,-1.5,-1.9,H2_RSIMomentum,JSWSTEEL,TRAIN
2024-02-08,2024-02-14,827.91,800.17,-3.35,-3.75,H2_RSIMomentum,JSWSTEEL,TRAIN
2024-03-05,2024-03-12,811.83,804.64,-0.88,-1.28,H2_RSIMomentum,JSWSTEEL,TRAIN
2024-03-11,2024-03-15,818.61,768.09,-6.17,-6.57,H2_RSIMomentum,JSWSTEEL,TRAIN
2024-04-25,2024-05-02,868.5,876.03,0.87,0.47,H2_RSIMomentum,JSWSTEEL,TRAIN
2024-04-29,2024-05-06,883.95,866.48,-1.98,-2.38,H2_RSIMomentum,JSWSTEEL,TRAIN
2024-05-06,2024-05-10,865.55,839.87,-2.97,-3.37,H2_RSIMomentum,JSWSTEEL,TRAIN
2024-05-17,2024-05-24,873.71,894.03,2.33,1.93,H2_RSIMomentum,JSWSTEEL,TRAIN
2024-05-21,2024-05-27,877.65,887.44,1.12,0.72,H2_RSIMomentum,JSWSTEEL,TRAIN
2024-05-22,2024-05-28,910.12,892.75,-1.91,-2.31,H2_RSIMomentum,JSWSTEEL,TRAIN
2024-05-24,2024-05-30,900.28,869.48,-3.42,-3.82,H2_RSIMomentum,JSWSTEEL,TRAIN
2024-06-03,2024-06-07,897.33,897.47,0.02,-0.38,H2_RSIMomentum,JSWSTEEL,TRAIN
2024-08-01,2024-08-07,929.69,898.85,-3.32,-3.72,H2_RSIMomentum,JSWSTEEL,TRAIN
2024-08-02,2024-08-08,912.19,880.11,-3.52,-3.92,H2_RSIMomentum,JSWSTEEL,TRAIN
2024-08-13,2024-08-20,917.25,909.46,-0.85,-1.25,H2_RSIMomentum,JSWSTEEL,TRAIN
2024-09-13,2024-09-19,949.97,940.45,-1.0,-1.4,H2_RSIMomentum,JSWSTEEL,TRAIN
2024-09-16,2024-09-20,953.34,973.32,2.1,1.7,H2_RSIMomentum,JSWSTEEL,TRAIN
2022-09-02,2022-09-08,413.74,410.28,-0.84,-1.24,H2_RSIMomentum,HINDALCO,TRAIN
2022-09-06,2022-09-12,419.93,420.62,0.16,-0.24,H2_RSIMomentum,HINDALCO,TRAIN
2022-09-15,2022-09-21,428.76,401.3,-6.41,-6.81,H2_RSIMomentum,HINDALCO,TRAIN
2022-09-16,2022-09-22,413.64,402.03,-2.81,-3.21,H2_RSIMomentum,HINDALCO,TRAIN
2022-12-30,2023-01-05,462.37,454.32,-1.74,-2.14,H2_RSIMomentum,HINDALCO,TRAIN
2023-07-10,2023-07-14,412.67,436.03,5.66,5.26,H2_RSIMomentum,HINDALCO,TRAIN
2023-07-11,2023-07-17,418.76,436.18,4.16,3.76,H2_RSIMomentum,HINDALCO,TRAIN
2023-08-07,2023-08-11,447.98,451.15,0.71,0.31,H2_RSIMomentum,HINDALCO,TRAIN
2023-08-24,2023-08-30,455.62,448.5,-1.56,-1.96,H2_RSIMomentum,HINDALCO,TRAIN
2023-09-04,2023-09-08,468.97,467.55,-0.3,-0.7,H2_RSIMomentum,HINDALCO,TRAIN
2023-10-03,2023-10-09,474.37,461.31,-2.75,-3.15,H2_RSIMomentum,HINDALCO,TRAIN
2023-10-11,2023-10-17,476.88,475.6,-0.27,-0.67,H2_RSIMomentum,HINDALCO,TRAIN
2023-10-19,2023-10-26,469.81,448.4,-4.56,-4.96,H2_RSIMomentum,HINDALCO,TRAIN
2024-01-31,2024-02-06,558.92,574.34,2.76,2.36,H2_RSIMomentum,HINDALCO,TRAIN
2024-02-05,2024-02-09,572.96,580.62,1.34,0.94,H2_RSIMomentum,HINDALCO,TRAIN
2024-02-08,2024-02-14,581.31,498.63,-14.22,-14.62,H2_RSIMomentum,HINDALCO,TRAIN
2024-05-27,2024-05-31,672.68,676.9,0.63,0.23,H2_RSIMomentum,HINDALCO,TRAIN
2024-06-06,2024-06-12,682.45,661.73,-3.04,-3.44,H2_RSIMomentum,HINDALCO,TRAIN
2024-07-19,2024-07-25,671.55,634.87,-5.46,-5.86,H2_RSIMomentum,HINDALCO,TRAIN
2024-08-01,2024-08-07,667.72,612.44,-8.28,-8.68,H2_RSIMomentum,HINDALCO,TRAIN
2024-08-02,2024-08-08,647.88,602.96,-6.93,-7.33,H2_RSIMomentum,HINDALCO,TRAIN
2024-09-13,2024-09-19,677.47,675.69,-0.26,-0.66,H2_RSIMomentum,HINDALCO,TRAIN
2024-09-23,2024-09-27,686.85,737.86,7.43,7.03,H2_RSIMomentum,HINDALCO,TRAIN
