entry_date,exit_date,entry,exit,gross_ret,net_ret,stopped,hypothesis,ticker,dataset
2024-04-30,2024-05-29,1131.7,1075.16,-5.0,-5.4,False,H5_52wHigh,ICICIBANK,TRAIN
2024-01-15,2024-02-13,1515.89,1552.39,2.41,2.01,False,H5_52wHigh,INFY,TRAIN
2024-04-26,2024-05-27,772.72,802.82,3.9,3.5,False,H5_52wHigh,SBIN,TRAIN
2023-01-19,2023-02-16,2175.27,2096.77,-3.61,-4.01,False,H5_52wHigh,LT,TRAIN
2023-07-24,2023-08-21,2538.93,2591.76,2.08,1.68,False,H5_52wHigh,LT,TRAIN
2023-07-27,2023-08-24,2569.05,2616.98,1.87,1.47,False,H5_52wHigh,LT,TRAIN
2023-06-01,2023-06-28,391.72,366.35,-6.48,-6.88,False,H5_52wHigh,KOTAKBANK,TRAIN
2023-11-17,2023-12-15,1177.94,1337.5,13.54,13.14,False,H5_52wHigh,HCLTECH,TRAIN
2024-01-15,2024-02-13,1443.96,1505.34,4.25,3.85,False,H5_52wHigh,HCLTECH,TRAIN
2024-01-16,2024-02-14,1423.33,1510.68,6.14,5.74,False,H5_52wHigh,HCLTECH,TRAIN
2023-07-05,2023-08-01,774.49,714.51,-7.74,-8.14,False,H5_52wHigh,BAJFINANCE,TRAIN
2024-03-26,2024-04-25,11920.56,12538.59,5.18,4.78,False,H5_52wHigh,MARUTI,TRAIN
2023-12-01,2023-12-29,1072.83,1099.66,2.5,2.1,False,H5_52wHigh,AXISBANK,TRAIN
2024-06-04,2024-07-02,1221.07,1250.4,2.4,2.0,False,H5_52wHigh,AXISBANK,TRAIN
2023-09-05,2023-10-04,201.52,187.23,-7.09,-7.49,False,H5_52wHigh,WIPRO,TRAIN
2024-01-16,2024-02-14,228.9,238.42,4.16,3.76,False,H5_52wHigh,WIPRO,TRAIN
2023-06-07,2023-07-05,7839.62,8072.93,2.98,2.58,False,H5_52wHigh,ULTRACEMCO,TRAIN
2023-09-05,2023-10-04,8308.09,7861.66,-5.37,-5.77,False,H5_52wHigh,ULTRACEMCO,TRAIN
2023-12-01,2023-12-29,8813.23,10167.82,15.37,14.97,False,H5_52wHigh,ULTRACEMCO,TRAIN
2023-06-30,2023-07-27,171.6,184.24,7.36,6.96,False,H5_52wHigh,NTPC,TRAIN
2024-01-05,2024-02-05,301.59,313.92,4.09,3.69,False,H5_52wHigh,NTPC,TRAIN
2024-03-05,2024-04-04,334.71,334.48,-0.07,-0.47,False,H5_52wHigh,NTPC,TRAIN
2023-09-21,2023-10-19,184.24,184.96,0.39,-0.01,False,H5_52wHigh,POWERGRID,TRAIN
2024-06-04,2024-07-02,312.0,308.14,-1.24,-1.64,False,H5_52wHigh,POWERGRID,TRAIN
2023-10-20,2023-11-20,1165.07,1181.69,1.43,1.03,False,H5_52wHigh,NESTLEIND,TRAIN
2023-12-20,2024-01-17,1249.34,1236.56,-1.02,-1.42,False,H5_52wHigh,NESTLEIND,TRAIN
2024-01-24,2024-02-21,1342.92,1510.49,12.48,12.08,False,H5_52wHigh,SUNPHARMA,TRAIN
2024-07-26,2024-08-23,1640.02,1743.4,6.3,5.9,False,H5_52wHigh,SUNPHARMA,TRAIN
2023-07-17,2023-08-11,1098.26,1112.96,1.34,0.94,False,H5_52wHigh,TECHM,TRAIN
2024-01-16,2024-02-14,1226.02,1191.74,-2.8,-3.2,False,H5_52wHigh,TECHM,TRAIN
2022-12-21,2023-01-17,4167.42,3632.74,-12.83,-13.23,False,H5_52wHigh,ADANIENT,TRAIN
2024-05-24,2024-06-21,1415.98,1472.1,3.96,3.56,False,H5_52wHigh,ADANIPORTS,TRAIN
2023-09-04,2023-10-03,121.26,120.14,-0.93,-1.33,False,H5_52wHigh,TATASTEEL,TRAIN
2024-03-04,2024-04-03,145.38,153.59,5.65,5.25,False,H5_52wHigh,TATASTEEL,TRAIN
2024-03-11,2024-04-09,149.14,155.8,4.47,4.07,False,H5_52wHigh,TATASTEEL,TRAIN
2023-08-11,2023-09-08,816.65,802.63,-1.72,-2.12,False,H5_52wHigh,JSWSTEEL,TRAIN
2024-05-22,2024-06-19,910.12,900.23,-1.09,-1.49,False,H5_52wHigh,JSWSTEEL,TRAIN
2024-09-23,2024-10-21,977.74,973.22,-0.46,-0.86,False,H5_52wHigh,JSWSTEEL,TRAIN
2024-09-25,2024-10-23,987.65,946.45,-4.17,-4.57,False,H5_52wHigh,JSWSTEEL,TRAIN
2024-09-25,2024-10-23,715.99,708.18,-1.09,-1.49,False,H5_52wHigh,HINDALCO,TRAIN
2023-09-04,2023-10-03,157.82,158.46,0.41,0.01,False,H5_52wHigh,ONGC,TRAIN
2023-11-16,2023-12-14,173.83,173.24,-0.34,-0.74,False,H5_52wHigh,ONGC,TRAIN
2023-12-05,2024-01-02,178.77,183.06,2.4,2.0,False,H5_52wHigh,ONGC,TRAIN
2024-01-30,2024-02-26,226.78,242.07,6.74,6.34,False,H5_52wHigh,ONGC,TRAIN
2023-10-11,2023-11-08,246.65,257.06,4.22,3.82,False,H5_52wHigh,COALINDIA,TRAIN
2023-12-20,2024-01-17,312.55,321.57,2.89,2.49,False,H5_52wHigh,COALINDIA,TRAIN
2024-01-30,2024-02-26,352.15,378.95,7.61,7.21,False,H5_52wHigh,COALINDIA,TRAIN
2024-08-02,2024-08-30,457.52,454.27,-0.71,-1.11,False,H5_52wHigh,COALINDIA,TRAIN
2023-10-13,2023-11-10,1967.13,1914.94,-2.65,-3.05,False,H5_52wHigh,GRASIM,TRAIN
2024-04-24,2024-05-23,2352.98,2427.98,3.19,2.79,False,H5_52wHigh,GRASIM,TRAIN
2023-07-21,2023-08-18,1045.09,1153.3,10.35,9.95,False,H5_52wHigh,DRREDDY,TRAIN
2023-07-28,2023-08-25,1082.14,1134.61,4.85,4.45,False,H5_52wHigh,DRREDDY,TRAIN
2024-02-01,2024-02-28,1195.51,1261.98,5.56,5.16,False,H5_52wHigh,DRREDDY,TRAIN
2024-01-11,2024-02-09,1302.32,1399.43,7.46,7.06,False,H5_52wHigh,CIPLA,TRAIN
2024-01-24,2024-02-21,1369.54,1406.77,2.72,2.32,False,H5_52wHigh,CIPLA,TRAIN
2024-09-02,2024-09-27,1636.01,1639.44,0.21,-0.19,False,H5_52wHigh,CIPLA,TRAIN
2024-05-28,2024-06-25,4180.51,4472.71,6.99,6.59,False,H5_52wHigh,DIVISLAB,TRAIN
2024-07-29,2024-08-26,4733.53,4883.78,3.17,2.77,False,H5_52wHigh,DIVISLAB,TRAIN
2023-06-05,2023-07-03,4921.17,5020.77,2.02,1.62,False,H5_52wHigh,APOLLOHOSP,TRAIN
2024-01-19,2024-02-19,5941.55,6606.61,11.19,10.79,False,H5_52wHigh,APOLLOHOSP,TRAIN
2024-02-12,2024-03-11,6415.82,6163.15,-3.94,-4.34,False,H5_52wHigh,APOLLOHOSP,TRAIN
2024-09-13,2024-10-11,7059.52,6947.3,-1.59,-1.99,False,H5_52wHigh,APOLLOHOSP,TRAIN
2022-11-01,2022-11-29,1539.57,1451.87,-5.7,-6.1,False,H5_52wHigh,TRENT,TRAIN
2024-02-08,2024-03-06,3725.98,3862.29,3.66,3.26,False,H5_52wHigh,TRENT,TRAIN
2024-08-01,2024-08-29,5881.91,7155.94,21.66,21.26,False,H5_52wHigh,TRENT,TRAIN
2024-08-12,2024-09-09,6290.02,7122.01,13.23,12.83,False,H5_52wHigh,TRENT,TRAIN
2023-05-26,2023-06-22,4269.54,4269.31,-0.01,-0.41,False,H5_52wHigh,BAJAJ-AUTO,TRAIN
2023-07-06,2023-08-02,4665.03,4609.79,-1.18,-1.58,False,H5_52wHigh,BAJAJ-AUTO,TRAIN
2023-07-07,2023-08-03,4651.2,4604.26,-1.01,-1.41,False,H5_52wHigh,BAJAJ-AUTO,TRAIN
2024-01-04,2024-02-02,6701.81,7382.2,10.15,9.75,False,H5_52wHigh,BAJAJ-AUTO,TRAIN
2024-01-10,2024-02-08,6797.21,7400.37,8.87,8.47,False,H5_52wHigh,BAJAJ-AUTO,TRAIN
2024-03-11,2024-04-09,8608.32,8565.82,-0.49,-0.89,False,H5_52wHigh,BAJAJ-AUTO,TRAIN
2024-08-26,2024-09-20,9978.23,11484.9,15.1,14.7,False,H5_52wHigh,BAJAJ-AUTO,TRAIN
2023-07-05,2023-08-01,2721.73,2799.37,2.85,2.45,False,H5_52wHigh,HEROMOTOCO,TRAIN
2023-07-06,2023-08-02,2801.15,2701.32,-3.56,-3.96,False,H5_52wHigh,HEROMOTOCO,TRAIN
2023-10-20,2023-11-20,2941.86,3019.78,2.65,2.25,False,H5_52wHigh,HEROMOTOCO,TRAIN
2023-09-20,2023-10-18,1578.92,1534.82,-2.79,-3.19,False,H5_52wHigh,M&M,TRAIN
2024-02-16,2024-03-15,1742.56,1753.76,0.64,0.24,False,H5_52wHigh,M&M,TRAIN
2024-02-19,2024-03-18,1789.39,1808.88,1.09,0.69,False,H5_52wHigh,M&M,TRAIN
2023-05-08,2023-06-02,1209.92,1290.53,6.66,6.26,False,H5_52wHigh,TVSMOTOR,TRAIN
2024-03-04,2024-04-03,2237.36,2088.41,-6.66,-7.06,False,H5_52wHigh,TVSMOTOR,TRAIN
2024-08-02,2024-08-30,2555.24,2791.92,9.26,8.86,False,H5_52wHigh,TVSMOTOR,TRAIN
2023-10-13,2023-11-10,19609.87,18953.74,-3.35,-3.75,False,H5_52wHigh,BOSCHLTD,TRAIN
2024-05-15,2024-06-12,31115.85,30639.17,-1.53,-1.93,False,H5_52wHigh,BOSCHLTD,TRAIN
2023-07-07,2023-08-03,4958.43,4599.41,-7.24,-7.64,False,H5_52wHigh,BRITANNIA,TRAIN
2024-09-13,2024-10-11,5959.35,5804.49,-2.6,-3.0,False,H5_52wHigh,BRITANNIA,TRAIN
2024-06-06,2024-07-04,578.12,583.61,0.95,0.55,False,H5_52wHigh,DABUR,TRAIN
2023-07-06,2023-08-02,1044.91,968.63,-7.3,-7.7,False,H5_52wHigh,GODREJCP,TRAIN
2024-02-02,2024-02-29,1199.95,1200.62,0.06,-0.34,False,H5_52wHigh,GODREJCP,TRAIN
2024-06-06,2024-07-04,1372.49,1311.75,-4.43,-4.83,False,H5_52wHigh,GODREJCP,TRAIN
2023-07-31,2023-08-28,553.5,537.32,-2.92,-3.32,False,H5_52wHigh,MARICO,TRAIN
2023-11-30,2023-12-28,2095.61,2394.71,14.27,13.87,False,H5_52wHigh,COLPAL,TRAIN
2024-03-15,2024-04-16,2545.42,2558.44,0.51,0.11,False,H5_52wHigh,COLPAL,TRAIN
2024-03-18,2024-04-18,2583.82,2526.19,-2.23,-2.63,False,H5_52wHigh,COLPAL,TRAIN
2024-04-03,2024-05-03,2634.43,2650.67,0.62,0.22,False,H5_52wHigh,COLPAL,TRAIN
2024-09-30,2024-10-28,3627.66,2979.72,-17.86,-18.26,False,H5_52wHigh,COLPAL,TRAIN
2024-03-07,2024-04-08,1390.78,1493.36,7.38,6.98,False,H5_52wHigh,PIDILITIND,TRAIN
2024-03-11,2024-04-09,1410.36,1478.81,4.85,4.45,False,H5_52wHigh,PIDILITIND,TRAIN
2024-04-29,2024-05-28,1627.54,1852.79,13.84,13.44,False,H5_52wHigh,HAVELLS,TRAIN
2024-09-13,2024-10-11,1972.38,1910.78,-3.12,-3.52,False,H5_52wHigh,HAVELLS,TRAIN
2024-02-01,2024-02-28,1077.61,1097.02,1.8,1.4,False,H5_52wHigh,VOLTAS,TRAIN
2024-04-03,2024-05-03,1179.74,1473.2,24.87,24.47,False,H5_52wHigh,VOLTAS,TRAIN
2024-08-13,2024-09-10,1568.84,1814.24,15.64,15.24,False,H5_52wHigh,VOLTAS,TRAIN
2024-08-20,2024-09-16,1607.5,1899.4,18.16,17.76,False,H5_52wHigh,VOLTAS,TRAIN
2024-08-21,2024-09-17,1640.66,1887.55,15.05,14.65,False,H5_52wHigh,VOLTAS,TRAIN
2023-10-13,2023-11-10,1695.08,1563.3,-7.77,-8.17,False,H5_52wHigh,WHIRLPOOL,TRAIN
2024-10-01,2024-10-29,2261.95,2052.32,-9.27,-9.67,False,H5_52wHigh,WHIRLPOOL,TRAIN
2024-06-19,2024-07-16,5079.0,5039.85,-0.77,-1.17,False,H5_52wHigh,DMART,TRAIN
2024-09-06,2024-10-04,5293.0,4737.55,-10.49,-10.89,False,H5_52wHigh,DMART,TRAIN
2024-01-10,2024-02-08,188.0,151.75,-19.28,-19.68,False,H5_52wHigh,NYKAA,TRAIN
2024-08-22,2024-09-18,213.9,199.67,-6.65,-7.05,False,H5_52wHigh,NYKAA,TRAIN
2023-07-14,2023-08-10,84.0,94.25,12.2,11.8,False,H5_52wHigh,ETERNAL,TRAIN
2024-08-02,2024-08-30,244.5,250.53,2.47,2.07,False,H5_52wHigh,ETERNAL,TRAIN
2024-08-05,2024-09-02,254.0,244.45,-3.76,-4.16,False,H5_52wHigh,ETERNAL,TRAIN
2023-06-27,2023-07-25,702.0,718.5,2.35,1.95,False,H5_52wHigh,POLICYBZR,TRAIN
2024-02-01,2024-02-28,1030.0,1161.7,12.79,12.39,False,H5_52wHigh,POLICYBZR,TRAIN
2024-08-16,2024-09-12,1585.0,1812.75,14.37,13.97,False,H5_52wHigh,POLICYBZR,TRAIN
2023-06-21,2023-07-19,638.77,652.68,2.18,1.78,False,H5_52wHigh,HDFCLIFE,TRAIN
2023-12-13,2024-01-10,699.67,638.72,-8.71,-9.11,False,H5_52wHigh,HDFCLIFE,TRAIN
2023-08-09,2023-09-06,1359.07,1313.11,-3.38,-3.78,False,H5_52wHigh,SBILIFE,TRAIN
2023-11-20,2023-12-18,1406.78,1439.61,2.33,1.93,False,H5_52wHigh,SBILIFE,TRAIN
2024-07-25,2024-08-22,686.7,729.5,6.23,5.83,False,H5_52wHigh,ICICIPRULI,TRAIN
2022-12-15,2023-01-11,141.55,161.63,14.19,13.79,False,H5_52wHigh,GICRE,TRAIN
2022-12-20,2023-01-16,164.91,161.01,-2.36,-2.76,False,H5_52wHigh,GICRE,TRAIN
2023-08-23,2023-09-20,193.48,209.7,8.38,7.98,False,H5_52wHigh,GICRE,TRAIN
2023-09-18,2023-10-17,214.58,207.23,-3.43,-3.83,False,H5_52wHigh,GICRE,TRAIN
2023-11-17,2023-12-15,221.94,290.71,30.99,30.59,False,H5_52wHigh,GICRE,TRAIN
2023-11-20,2023-12-18,1421.38,1424.52,0.22,-0.18,False,H5_52wHigh,ICICIGI,TRAIN
2023-07-20,2023-08-17,1408.06,1357.01,-3.63,-4.03,False,H5_52wHigh,INDUSINDBK,TRAIN
2024-05-03,2024-05-31,165.93,159.58,-3.83,-4.23,False,H5_52wHigh,FEDERALBNK,TRAIN
2024-06-13,2024-07-11,172.34,189.72,10.09,9.69,False,H5_52wHigh,FEDERALBNK,TRAIN
2024-07-04,2024-08-01,180.16,197.69,9.73,9.33,False,H5_52wHigh,FEDERALBNK,TRAIN
2022-12-06,2023-01-02,60.03,60.77,1.24,0.84,False,H5_52wHigh,IDFCFIRSTB,TRAIN
2022-12-15,2023-01-11,62.61,59.43,-5.08,-5.48,False,H5_52wHigh,IDFCFIRSTB,TRAIN
2023-08-01,2023-08-29,87.11,89.74,3.02,2.62,False,H5_52wHigh,IDFCFIRSTB,TRAIN
2022-11-10,2022-12-07,41.47,51.09,23.22,22.82,False,H5_52wHigh,PNB,TRAIN
2023-09-04,2023-10-03,61.65,77.66,25.97,25.57,False,H5_52wHigh,PNB,TRAIN
2023-09-14,2023-10-13,68.13,70.19,3.01,2.61,False,H5_52wHigh,PNB,TRAIN
2023-12-05,2024-01-02,78.59,90.54,15.2,14.8,False,H5_52wHigh,PNB,TRAIN
2023-12-29,2024-01-29,89.98,100.34,11.51,11.11,False,H5_52wHigh,PNB,TRAIN
2024-04-04,2024-05-06,127.92,118.63,-7.26,-7.66,False,H5_52wHigh,PNB,TRAIN
2024-05-02,2024-05-30,131.7,118.96,-9.67,-10.07,False,H5_52wHigh,PNB,TRAIN
2024-02-01,2024-02-28,227.74,238.45,4.7,4.3,False,H5_52wHigh,BANKBARODA,TRAIN
2023-09-12,2023-10-11,65.88,67.31,2.17,1.77,False,H5_52wHigh,CANBK,TRAIN
2024-01-04,2024-02-02,84.13,93.6,11.26,10.86,False,H5_52wHigh,CANBK,TRAIN
2023-07-06,2023-08-02,186.7,216.12,15.76,15.36,False,H5_52wHigh,RBLBANK,TRAIN
2023-12-11,2024-01-08,265.39,280.89,5.84,5.44,False,H5_52wHigh,RBLBANK,TRAIN
2024-06-14,2024-07-12,1430.68,1376.54,-3.78,-4.18,False,H5_52wHigh,CHOLAFIN,TRAIN
2024-09-06,2024-10-04,1539.1,1493.61,-2.96,-3.36,False,H5_52wHigh,CHOLAFIN,TRAIN
2024-01-23,2024-02-20,8122.58,8526.29,4.97,4.57,False,H5_52wHigh,BAJAJHLDNG,TRAIN
2024-03-01,2024-04-02,8851.97,8142.4,-8.02,-8.42,False,H5_52wHigh,BAJAJHLDNG,TRAIN
2023-12-15,2024-01-12,407.88,441.75,8.3,7.9,False,H5_52wHigh,SHRIRAMFIN,TRAIN
2024-01-30,2024-02-26,464.14,480.85,3.6,3.2,False,H5_52wHigh,SHRIRAMFIN,TRAIN
2024-06-18,2024-07-15,531.89,557.69,4.85,4.45,False,H5_52wHigh,SHRIRAMFIN,TRAIN
2023-07-28,2023-08-25,1285.96,1216.1,-5.43,-5.83,False,H5_52wHigh,MUTHOOTFIN,TRAIN
2023-11-30,2023-12-28,1369.53,1440.65,5.19,4.79,False,H5_52wHigh,MUTHOOTFIN,TRAIN
2024-06-28,2024-07-26,1794.19,1746.87,-2.64,-3.04,False,H5_52wHigh,MUTHOOTFIN,TRAIN
2024-08-22,2024-09-18,1880.05,1975.91,5.1,4.7,False,H5_52wHigh,MUTHOOTFIN,TRAIN
2024-09-16,2024-10-14,1983.74,1910.22,-3.71,-4.11,False,H5_52wHigh,MUTHOOTFIN,TRAIN
2023-07-28,2023-08-25,132.47,133.49,0.76,0.36,False,H5_52wHigh,MANAPPURAM,TRAIN
2023-08-09,2023-09-06,137.66,140.51,2.08,1.68,False,H5_52wHigh,MANAPPURAM,TRAIN
2023-08-11,2023-09-08,141.03,138.27,-1.96,-2.36,False,H5_52wHigh,MANAPPURAM,TRAIN
2023-08-18,2023-09-14,142.6,136.69,-4.15,-4.55,False,H5_52wHigh,MANAPPURAM,TRAIN
2023-11-30,2023-12-28,156.06,165.87,6.28,5.88,False,H5_52wHigh,MANAPPURAM,TRAIN
2023-12-28,2024-01-25,641.08,630.25,-1.69,-2.09,False,H5_52wHigh,AARTIIND,TRAIN
2024-01-23,2024-02-20,671.89,699.62,4.13,3.73,False,H5_52wHigh,AARTIIND,TRAIN
2023-12-27,2024-01-24,2456.09,2258.58,-8.04,-8.44,False,H5_52wHigh,DEEPAKNTR,TRAIN
2024-05-07,2024-06-04,2536.28,2118.66,-16.47,-16.87,False,H5_52wHigh,DEEPAKNTR,TRAIN
2024-02-08,2024-03-06,1884.1,1910.5,1.4,1.0,False,H5_52wHigh,ADANIGREEN,TRAIN
2023-11-29,2023-12-27,91.34,104.49,14.4,14.0,False,H5_52wHigh,ADANIPOWER,TRAIN
2024-04-04,2024-05-06,126.03,117.81,-6.52,-6.92,False,H5_52wHigh,ADANIPOWER,TRAIN
2024-05-22,2024-06-19,137.58,147.73,7.38,6.98,False,H5_52wHigh,ADANIPOWER,TRAIN
2023-09-04,2023-10-03,253.69,259.59,2.33,1.93,False,H5_52wHigh,TATAPOWER,TRAIN
2024-08-02,2024-08-30,454.79,429.45,-5.57,-5.97,False,H5_52wHigh,TATAPOWER,TRAIN
2023-09-04,2023-10-03,77.28,79.83,3.29,2.89,False,H5_52wHigh,CESC,TRAIN
2024-04-30,2024-05-29,134.68,131.69,-2.22,-2.62,False,H5_52wHigh,CESC,TRAIN
2024-05-03,2024-05-31,139.66,133.18,-4.64,-5.04,False,H5_52wHigh,CESC,TRAIN
2024-09-19,2024-10-17,1878.1,1885.68,0.4,0.0,False,H5_52wHigh,TORNTPOWER,TRAIN
2024-01-17,2024-02-15,210.48,291.08,38.29,37.89,False,H5_52wHigh,BPCL,TRAIN
2024-01-31,2024-02-27,225.62,278.73,23.54,23.14,False,H5_52wHigh,BPCL,TRAIN
2024-09-30,2024-10-28,337.93,285.7,-15.46,-15.86,False,H5_52wHigh,BPCL,TRAIN
2023-07-04,2023-07-31,79.02,79.59,0.72,0.32,False,H5_52wHigh,IOC,TRAIN
2023-07-07,2023-08-03,81.86,79.38,-3.03,-3.43,False,H5_52wHigh,IOC,TRAIN
2023-07-10,2023-08-04,83.14,78.36,-5.75,-6.15,False,H5_52wHigh,IOC,TRAIN
2023-06-08,2023-07-06,157.37,174.38,10.81,10.41,False,H5_52wHigh,HINDPETRO,TRAIN
2023-07-04,2023-07-31,165.17,163.09,-1.26,-1.66,False,H5_52wHigh,HINDPETRO,TRAIN
2023-07-07,2023-08-03,174.38,156.13,-10.47,-10.87,False,H5_52wHigh,HINDPETRO,TRAIN
2023-12-29,2024-01-29,231.01,261.21,13.07,12.67,False,H5_52wHigh,HINDPETRO,TRAIN
2024-02-05,2024-03-01,287.03,307.27,7.05,6.65,False,H5_52wHigh,HINDPETRO,TRAIN
2023-12-26,2024-01-23,136.95,141.22,3.12,2.72,False,H5_52wHigh,GAIL,TRAIN
2024-03-05,2024-04-04,178.33,172.77,-3.12,-3.52,False,H5_52wHigh,GAIL,TRAIN
2024-08-01,2024-08-29,225.07,214.84,-4.54,-4.94,False,H5_52wHigh,GAIL,TRAIN
2024-07-26,2024-08-23,344.42,346.66,0.65,0.25,False,H5_52wHigh,PETRONET,TRAIN
2024-04-03,2024-05-03,255.77,352.96,38.0,37.6,False,H5_52wHigh,VEDL,TRAIN
2023-01-19,2023-02-16,282.69,262.09,-7.29,-7.69,False,H5_52wHigh,HINDZINC,TRAIN
2023-12-27,2024-01-24,60.83,63.28,4.03,3.63,False,H5_52wHigh,NMDC,TRAIN
2024-02-05,2024-03-01,71.7,70.76,-1.31,-1.71,False,H5_52wHigh,NMDC,TRAIN
2024-05-06,2024-06-03,83.21,82.05,-1.4,-1.8,False,H5_52wHigh,NMDC,TRAIN
2023-09-04,2023-10-03,94.56,89.17,-5.7,-6.1,False,H5_52wHigh,SAIL,TRAIN
2023-12-29,2024-01-29,119.89,117.12,-2.31,-2.71,False,H5_52wHigh,SAIL,TRAIN
2024-02-05,2024-03-01,126.41,130.34,3.11,2.71,False,H5_52wHigh,SAIL,TRAIN
2024-02-06,2024-03-04,133.46,138.82,4.02,3.62,False,H5_52wHigh,SAIL,TRAIN
2024-04-25,2024-05-24,161.5,166.11,2.85,2.45,False,H5_52wHigh,SAIL,TRAIN
2023-09-04,2023-10-03,87.43,85.78,-1.88,-2.28,False,H5_52wHigh,NATIONALUM,TRAIN
2024-04-04,2024-05-06,162.09,166.45,2.69,2.29,False,H5_52wHigh,NATIONALUM,TRAIN
2023-12-29,2024-01-29,1323.09,1457.13,10.13,9.73,False,H5_52wHigh,LUPIN,TRAIN
2024-01-03,2024-02-01,1366.46,1487.0,8.82,8.42,False,H5_52wHigh,LUPIN,TRAIN
2024-08-08,2024-09-05,1993.01,2259.66,13.38,12.98,False,H5_52wHigh,LUPIN,TRAIN
2024-01-04,2024-02-02,284.88,273.63,-3.95,-4.35,False,H5_52wHigh,BIOCON,TRAIN
2024-02-07,2024-03-05,302.81,278.86,-7.91,-8.31,False,H5_52wHigh,BIOCON,TRAIN
2022-11-01,2022-11-29,1583.67,1567.23,-1.04,-1.44,False,H5_52wHigh,TORNTPHARM,TRAIN
2022-11-02,2022-11-30,1617.07,1591.1,-1.61,-2.01,False,H5_52wHigh,TORNTPHARM,TRAIN
2024-02-06,2024-03-04,2560.9,2636.01,2.93,2.53,False,H5_52wHigh,TORNTPHARM,TRAIN
2023-05-17,2023-06-13,636.18,676.05,6.27,5.87,False,H5_52wHigh,AUROPHARMA,TRAIN
2023-05-31,2023-06-27,644.21,712.36,10.58,10.18,False,H5_52wHigh,AUROPHARMA,TRAIN
2023-06-27,2023-07-25,716.12,781.34,9.11,8.71,False,H5_52wHigh,AUROPHARMA,TRAIN
2023-07-07,2023-08-03,744.84,833.51,11.9,11.5,False,H5_52wHigh,AUROPHARMA,TRAIN
2023-10-03,2023-10-31,909.54,842.59,-7.36,-7.76,False,H5_52wHigh,AUROPHARMA,TRAIN
2023-12-22,2024-01-19,1094.21,1142.76,4.44,4.04,False,H5_52wHigh,AUROPHARMA,TRAIN
2024-08-14,2024-09-11,1501.26,1501.76,0.03,-0.37,False,H5_52wHigh,AUROPHARMA,TRAIN
