Stock,Signal,Confidence,Close,EMA20,EMA50,RSI14,VolRatio,ATR14,Regime,Date
RELIANCE,HOLD,5.0,1226.0,1258.46,1282.18,25.66,1.11,18.26,BEAR,2026-09-25
TCS,HOLD,5.0,2082.0,2186.28,2238.58,22.21,1.17,57.95,BEAR,2026-09-25
HDFCBANK,HOLD,5.0,735.6,723.55,732.34,61.4,0.65,13.53,BEAR,2026-09-25
BHARTIARTL,SELL,6.7,1785.4,1842.27,1868.06,37.53,0.83,28.63,BEAR,2026-09-25
ICICIBANK,HOLD,5.0,1326.8,1368.83,1384.67,11.42,1.24,18.71,BEAR,2026-09-25
SBIN,HOLD,5.0,983.0,1002.05,1018.38,41.23,0.53,14.51,BEAR,2026-09-25
HINDUNILVR,HOLD,5.0,1942.9,1959.91,2014.34,45.9,0.6,27.24,BEAR,2026-09-25
ITC,HOLD,5.0,269.0,266.14,271.3,58.57,0.5,4.24,BEAR,2026-09-25
LT,HOLD,5.0,3876.2,3918.21,3954.44,38.72,0.91,63.96,BEAR,2026-09-25
KOTAKBANK,HOLD,5.0,404.0,411.9,405.91,30.87,1.73,6.65,BEAR,2026-09-25
HCLTECH,HOLD,5.0,1258.0,1265.66,1267.54,44.43,0.67,35.09,BEAR,2026-09-25
BAJFINANCE,HOLD,5.0,996.9,1031.49,1039.61,36.76,0.95,23.51,BEAR,2026-09-25
MARUTI,HOLD,5.0,12065.0,12498.07,12971.36,25.92,0.73,184.86,BEAR,2026-09-25
AXISBANK,HOLD,5.0,1222.4,1240.08,1253.37,39.19,1.47,24.61,BEAR,2026-09-25
ASIANPAINT,HOLD,5.0,2444.0,2486.24,2561.05,41.23,0.81,38.78,BEAR,2026-09-25
TITAN,HOLD,5.0,4884.0,4931.34,4881.58,41.42,0.67,77.43,BEAR,2026-09-25
WIPRO,HOLD,5.0,164.02,169.25,174.57,28.79,0.95,3.07,BEAR,2026-09-25
ULTRACEMCO,HOLD,5.0,11155.0,11123.69,11298.91,49.35,0.75,184.43,BEAR,2026-09-25
NTPC,HOLD,5.0,326.6,329.37,335.41,40.53,0.78,4.32,BEAR,2026-09-25
POWERGRID,HOLD,5.0,269.5,267.5,271.5,53.95,0.72,4.34,BEAR,2026-09-25
NESTLEIND,HOLD,5.0,1362.6,1393.35,1420.31,40.38,0.33,26.74,BEAR,2026-09-25
SUNPHARMA,HOLD,5.0,1852.2,1870.39,1886.93,39.92,0.45,28.07,BEAR,2026-09-25
TECHM,HOLD,5.0,1548.0,1562.09,1559.22,46.39,0.56,37.24,BEAR,2026-09-25
ADANIENT,SELL,6.7,2916.5,2977.66,2985.23,47.3,0.29,74.55,BEAR,2026-09-25
ADANIPORTS,HOLD,5.0,1788.0,1754.47,1739.4,64.03,0.38,37.79,BEAR,2026-09-25
TATASTEEL,HOLD,5.0,187.97,186.13,187.2,53.74,0.6,4.14,BEAR,2026-09-25
JSWSTEEL,SELL,6.7,1277.0,1280.71,1280.33,44.11,0.81,22.98,BEAR,2026-09-25
HINDALCO,SELL,6.7,977.0,994.05,1002.05,42.29,0.75,21.03,BEAR,2026-09-25
BAJAJFINSV,HOLD,5.0,1771.0,1879.55,1909.77,22.31,2.18,34.92,BEAR,2026-09-25
ONGC,HOLD,5.0,235.86,235.56,238.49,53.52,0.52,4.28,BEAR,2026-09-25
COALINDIA,HOLD,5.0,426.1,418.5,416.6,55.22,0.52,7.81,BEAR,2026-09-25
GRASIM,HOLD,5.0,3191.0,3221.55,3214.34,37.11,0.92,49.21,BEAR,2026-09-25
DRREDDY,HOLD,5.0,1201.0,1180.11,1189.75,69.53,0.75,22.26,BEAR,2026-09-25
CIPLA,HOLD,5.0,1399.7,1391.01,1403.98,51.73,1.28,24.04,BEAR,2026-09-25
DIVISLAB,HOLD,5.0,9619.5,9294.19,8715.27,61.72,0.81,190.14,BEAR,2026-09-25
APOLLOHOSP,HOLD,5.0,8889.0,8849.52,8782.54,55.16,1.56,147.71,BEAR,2026-09-25
TRENT,SELL,6.7,2669.3,2799.15,2864.22,31.19,1.59,54.96,BEAR,2026-09-25
BAJAJ-AUTO,HOLD,5.0,11281.0,11543.82,11403.88,30.47,0.61,165.64,BEAR,2026-09-25
EICHERMOT,HOLD,5.0,7360.0,7578.26,7644.87,28.69,0.49,98.86,BEAR,2026-09-25
HEROMOTOCO,HOLD,5.0,5360.0,5354.57,5338.66,54.91,0.55,99.64,BEAR,2026-09-25
M&M,HOLD,5.0,3035.0,3115.77,3185.58,31.07,1.08,55.01,BEAR,2026-09-25
TVSMOTOR,HOLD,5.0,4157.3,4156.34,4106.81,52.95,0.53,84.61,BEAR,2026-09-25
BOSCHLTD,HOLD,5.0,48250.0,47719.99,45912.88,58.89,0.65,1066.79,BEAR,2026-09-25
BRITANNIA,HOLD,5.0,4937.5,5043.9,5177.33,39.35,0.47,70.57,BEAR,2026-09-25
DABUR,HOLD,5.0,385.6,386.37,397.22,60.84,0.33,6.85,BEAR,2026-09-25
GODREJCP,HOLD,5.0,880.0,885.53,931.01,61.2,0.22,14.22,BEAR,2026-09-25
MARICO,HOLD,5.0,819.0,821.54,828.97,54.96,0.27,15.5,BEAR,2026-09-25
COLPAL,HOLD,5.0,1855.8,1864.2,1913.09,56.93,0.78,38.81,BEAR,2026-09-25
PIDILITIND,HOLD,5.0,1517.2,1576.33,1590.77,37.37,0.79,31.14,BEAR,2026-09-25
BERGEPAINT,HOLD,5.0,458.35,468.1,486.98,34.7,0.61,10.64,BEAR,2026-09-25
HAVELLS,HOLD,5.0,1096.5,1132.9,1177.29,34.49,0.4,20.8,BEAR,2026-09-25
VOLTAS,HOLD,5.0,1118.2,1152.09,1206.69,39.34,0.55,27.49,BEAR,2026-09-25
WHIRLPOOL,HOLD,5.0,918.9,792.66,790.96,65.74,10.91,39.1,BEAR,2026-09-25
DMART,HOLD,5.0,3834.2,3788.67,3872.31,65.79,0.74,61.39,BEAR,2026-09-25
NYKAA,HOLD,5.0,333.7,335.16,329.17,50.78,0.9,7.99,BEAR,2026-09-25
PAYTM,SELL,6.7,1674.0,1726.59,1600.5,50.83,1.24,65.68,BEAR,2026-09-25
POLICYBZR,SELL,6.7,1166.0,1685.6,1703.03,23.08,8.94,113.79,BEAR,2026-09-25
HDFCLIFE,HOLD,5.0,531.0,540.98,546.99,49.25,0.96,17.64,BEAR,2026-09-25
SBILIFE,HOLD,5.0,1742.0,1740.05,1767.24,51.63,1.07,39.67,BEAR,2026-09-25
ICICIPRULI,SELL,6.7,463.0,482.02,492.05,46.03,0.68,15.01,BEAR,2026-09-25
GICRE,SELL,6.7,337.5,343.32,345.56,39.7,0.26,7.49,BEAR,2026-09-25
ICICIGI,HOLD,5.0,1553.7,1516.64,1576.43,58.52,1.05,37.23,BEAR,2026-09-25
INDUSINDBK,SELL,6.7,912.2,966.59,979.5,20.74,0.69,19.06,BEAR,2026-09-25
BANDHANBNK,HOLD,5.0,187.7,177.21,177.93,72.95,0.8,6.03,BEAR,2026-09-25
FEDERALBNK,SELL,6.7,322.0,337.79,339.87,22.68,1.21,6.43,BEAR,2026-09-25
IDFCFIRSTB,HOLD,5.0,83.8,85.48,84.09,39.56,0.98,1.69,BEAR,2026-09-25
PNB,HOLD,5.0,116.6,116.58,114.65,54.12,0.65,2.04,BEAR,2026-09-25
BANKBARODA,HOLD,5.0,235.26,236.85,242.34,46.9,0.37,3.28,BEAR,2026-09-25
CANBK,SELL,6.7,124.99,125.07,126.41,54.64,0.76,1.85,BEAR,2026-09-25
UNIONBANK,HOLD,5.0,180.2,180.31,178.97,36.81,0.92,3.54,BEAR,2026-09-25
RBLBANK,HOLD,5.0,415.05,407.93,393.69,50.03,0.8,10.35,BEAR,2026-09-25
AUBANK,HOLD,5.0,1018.0,1047.75,1052.04,41.86,2.2,23.81,BEAR,2026-09-25
CHOLAFIN,HOLD,5.0,1662.7,1785.49,1798.29,24.06,1.98,47.92,BEAR,2026-09-25
BAJAJHLDNG,HOLD,5.0,10940.0,11113.9,11027.93,51.1,1.0,222.38,BEAR,2026-09-25
SHRIRAMFIN,SELL,6.7,994.1,1024.01,1041.2,35.14,0.67,22.06,BEAR,2026-09-25
MUTHOOTFIN,HOLD,5.0,2835.0,2858.82,2931.42,45.24,0.52,58.2,BEAR,2026-09-25
MANAPPURAM,HOLD,5.0,334.0,328.73,334.18,57.08,1.17,8.91,BEAR,2026-09-25
ATUL,SELL,6.7,6070.5,6238.4,6378.6,36.85,0.6,119.93,BEAR,2026-09-25
SRF,HOLD,5.0,2540.0,2539.34,2584.34,48.84,0.52,41.83,BEAR,2026-09-25
AARTIIND,HOLD,5.0,489.25,495.55,497.09,49.77,0.56,13.99,BEAR,2026-09-25
DEEPAKNTR,SELL,6.7,1587.1,1634.13,1664.26,39.43,0.25,36.7,BEAR,2026-09-25
ADANIGREEN,HOLD,5.0,1296.6,1298.02,1329.71,51.81,0.71,31.74,BEAR,2026-09-25
ADANIPOWER,HOLD,5.0,202.75,205.98,208.59,47.78,0.9,5.18,BEAR,2026-09-25
TATAPOWER,HOLD,5.0,367.5,366.93,371.99,51.87,0.45,6.99,BEAR,2026-09-25
CESC,HOLD,5.0,139.86,144.86,150.64,34.5,1.33,3.15,BEAR,2026-09-25
TORNTPOWER,HOLD,5.0,1254.6,1271.31,1307.35,43.18,0.28,29.71,BEAR,2026-09-25
BPCL,HOLD,5.0,308.5,310.44,311.64,45.31,0.42,6.72,BEAR,2026-09-25
IOC,SELL,6.7,135.7,136.37,137.56,51.67,1.02,2.26,BEAR,2026-09-25
HINDPETRO,SELL,6.7,351.0,356.52,362.37,44.33,1.29,7.83,BEAR,2026-09-25
GAIL,SELL,6.7,172.7,173.11,172.77,38.06,0.95,2.35,BEAR,2026-09-25
PETRONET,HOLD,5.0,286.5,286.68,284.86,44.57,0.61,5.5,BEAR,2026-09-25
VEDL,HOLD,5.0,266.35,266.95,277.28,48.5,0.54,6.59,BEAR,2026-09-25
HINDZINC,HOLD,5.0,588.95,586.66,579.97,49.91,0.74,14.25,BEAR,2026-09-25
NMDC,SELL,6.7,79.9,82.17,83.74,36.39,1.0,1.58,BEAR,2026-09-25
SAIL,HOLD,5.0,185.0,181.5,179.71,46.08,0.6,5.04,BEAR,2026-09-25
NATIONALUM,SELL,6.7,358.7,363.71,368.73,44.75,0.4,9.76,BEAR,2026-09-25
LUPIN,HOLD,5.0,2092.0,2121.7,2195.17,47.48,0.64,35.6,BEAR,2026-09-25
BIOCON,SELL,6.7,382.15,393.1,403.37,43.16,0.84,9.21,BEAR,2026-09-25
TORNTPHARM,HOLD,5.0,4988.5,4932.37,4893.11,55.37,1.21,93.21,BEAR,2026-09-25
AUROPHARMA,HOLD,5.0,1712.0,1684.27,1639.11,59.5,0.78,35.53,BEAR,2026-09-25
