Stock,Signal,Confidence,Close,EMA20,RSI14,VolRatio,Date
MOTISONS,BUY,10,17.85,17.13,58.04,1.81,2026-09-25
IFCI,HOLD,5,73.95,80.44,16.87,0.28,2026-09-25
BANDHANBNK,HOLD,5,187.7,177.21,72.95,0.8,2026-09-25
TATASTEEL,BUY,7,187.97,186.13,53.74,0.6,2026-09-25
IDFCFIRSTB,HOLD,5,83.8,85.48,39.56,0.98,2026-09-25
AHCL,BUY,7,31.51,22.39,93.63,1.5,2026-09-25
IDEA,HOLD,5,14.26,14.39,29.82,0.77,2026-09-25
IRB,HOLD,5,17.68,18.72,26.57,0.43,2026-09-25
YESBANK,HOLD,5,22.5,22.84,50.93,0.43,2026-09-25
JPPOWER,HOLD,5,15.87,16.16,36.55,0.45,2026-09-25
